#,PLAYER,TEAM,GP,MIN,PTS,FGM,FGA,FG%,3PM,3PA,3P%,FTM,FTA,FT%,OREB,DREB,REB,AST,STL,BLK,TOV,EFF,YEAR
2023-24,,,,,,,,,,,,,,,,,,,,,,,
1,Joel Embiid,PHI,27,34.1,34.6,11.6,21.7,53.5,1.1,3.2,36.0,10.2,11.6,88.2,2.7,9.1,11.8,6.0,1.1,2.0,3.9,40.2,2023-24
2,Luka Doncic,DAL,34,36.8,33.6,11.4,23.5,48.5,4.0,10.4,38.0,6.8,8.7,77.8,0.7,7.4,8.1,9.1,1.4,0.6,3.9,34.8,2023-24
3,Shai Gilgeous-Alexander,OKC,36,34.4,31.4,11.3,20.3,55.5,1.2,3.5,35.2,7.6,8.6,89.0,0.8,5.1,5.9,6.3,2.3,0.8,2.0,34.7,2023-24
4,Giannis Antetokounmpo,MIL,37,34.9,31.2,11.6,19.1,61.0,0.4,1.7,23.8,7.6,11.2,67.7,2.7,8.8,11.5,5.9,1.3,1.2,3.6,36.4,2023-24
5,Kevin Durant,PHX,31,36.8,29.3,10.3,19.5,52.6,2.1,4.5,47.1,6.6,7.5,87.6,0.4,5.9,6.4,5.8,0.9,1.1,3.2,30.1,2023-24
6,Donovan Mitchell,CLE,28,35.9,27.9,9.6,21.1,45.7,3.1,9.0,34.9,5.4,6.2,87.4,1.1,4.5,5.5,5.7,1.9,0.5,2.8,26.4,2023-24
7,De'Aaron Fox,SAC,32,35.2,27.7,9.8,20.9,46.9,3.2,8.3,39.0,4.9,6.8,72.2,0.9,3.3,4.3,5.8,1.6,0.4,2.6,24.1,2023-24
8,Trae Young,ATL,35,36.5,27.4,8.5,19.9,42.4,3.3,9.2,36.1,7.2,8.4,85.7,0.5,2.5,3.0,10.9,1.5,0.2,4.3,25.9,2023-24
9,Jayson Tatum,BOS,35,36.0,27.4,9.2,19.3,47.9,3.2,8.5,37.2,5.7,7.1,81.4,0.9,7.4,8.3,4.4,1.0,0.5,2.8,27.5,2023-24
10,Stephen Curry,GSW,36,33.2,26.7,8.4,18.9,44.3,4.6,11.4,39.8,5.4,5.8,92.4,0.4,3.8,4.2,4.8,0.8,0.4,3.0,23.0,2023-24
11,Devin Booker,PHX,29,35.8,26.3,9.0,18.8,48.0,2.1,5.5,37.7,6.2,7.0,88.6,0.8,4.1,4.8,7.7,0.9,0.4,3.0,26.6,2023-24
12,Tyrese Maxey,PHI,36,37.5,26.1,8.9,19.8,45.1,3.1,8.2,37.6,5.1,5.8,87.1,0.6,3.2,3.7,6.6,1.0,0.6,1.6,24.7,2023-24
13,Anthony Edwards,MIN,35,34.6,25.8,8.9,19.4,45.9,2.5,6.5,38.3,5.5,6.5,84.2,0.7,4.6,5.3,4.9,1.3,0.6,3.4,23.0,2023-24
14,Jalen Brunson,NYK,38,35.7,25.8,9.1,19.3,46.9,2.8,6.6,42.4,4.9,5.8,83.3,0.6,3.2,3.8,6.4,1.0,0.2,2.3,23.6,2023-24
15,Nikola Jokic,DEN,39,33.3,25.5,9.9,17.2,57.5,1.1,3.0,35.0,4.7,5.8,82.2,2.8,8.9,11.7,9.3,1.2,0.9,2.8,37.5,2023-24
16,Anthony Davis,LAL,37,36.1,25.3,9.6,17.1,56.2,0.4,1.1,34.1,5.8,7.1,81.0,3.1,8.9,12.0,3.3,1.2,2.5,2.2,33.3,2023-24
17,Damian Lillard,MIL,35,35.2,25.0,7.3,17.0,43.0,3.0,8.6,35.2,7.4,8.0,91.8,0.6,3.7,4.3,6.8,1.0,0.2,2.5,24.4,2023-24
18,LeBron James,LAL,36,34.3,24.7,9.2,17.6,52.1,2.1,5.5,38.9,4.2,5.7,73.2,0.9,6.3,7.2,7.6,1.4,0.6,3.3,28.3,2023-24
19,Desmond Bane,MEM,37,34.5,24.4,8.9,18.8,47.4,3.3,8.6,38.4,3.3,3.8,86.4,0.9,3.6,4.6,5.3,1.0,0.5,2.7,22.8,2023-24
20,Julius Randle,NYK,38,35.6,24.4,8.7,18.4,47.4,1.5,5.1,29.2,5.4,7.0,77.7,2.0,7.2,9.2,4.8,0.6,0.3,3.3,24.7,2023-24
21,Kawhi Leonard,LAC,34,34.4,23.9,8.9,17.2,52.1,2.3,5.3,43.1,3.8,4.3,87.7,1.1,4.9,6.0,3.5,1.7,0.9,1.6,25.7,2023-24
22,Paul George,LAC,36,34.6,23.8,8.3,17.7,46.9,3.6,8.5,42.3,3.6,3.9,92.1,0.6,4.9,5.5,3.7,1.6,0.4,2.2,23.1,2023-24
23,Tyrese Haliburton,IND,33,33.4,23.6,8.4,16.9,49.7,3.4,8.4,40.3,3.4,3.9,86.8,0.6,3.6,4.2,12.5,1.1,0.7,2.5,30.5,2023-24
24,Lauri Markkanen,UTA,30,32.5,23.6,7.9,16.1,49.2,3.2,8.2,39.3,4.5,5.2,86.5,2.5,6.3,8.8,1.7,0.9,0.7,1.1,25.5,2023-24
25,Jaylen Brown,BOS,36,33.7,23.1,8.9,18.1,49.1,2.1,6.0,35.8,3.2,4.3,74.4,0.9,4.2,5.2,3.5,1.0,0.6,2.6,20.5,2023-24
26,Paolo Banchero,ORL,38,35.0,23.0,8.2,17.9,45.5,1.5,4.1,37.0,5.2,7.3,70.3,1.3,5.8,7.1,4.8,1.1,0.6,3.3,21.3,2023-24
27,Cade Cunningham,DET,36,34.5,22.8,8.5,19.0,44.9,1.9,5.6,33.5,3.9,4.5,87.0,0.4,3.6,4.1,7.3,1.0,0.3,3.8,20.6,2023-24
28,DeMar DeRozan,CHI,38,37.0,22.4,7.8,16.7,46.7,1.0,2.8,35.5,5.9,6.9,84.8,0.6,3.3,3.9,5.3,1.1,0.7,1.4,22.1,2023-24
29,Pascal Siakam,TOR,38,34.7,22.3,8.4,16.0,52.6,1.2,3.7,33.1,4.3,5.7,75.3,1.4,5.0,6.3,4.9,0.8,0.3,2.2,23.5,2023-24
30,Kyle Kuzma,WAS,37,31.1,22.2,8.7,18.9,45.9,2.4,6.8,34.4,2.5,3.3,77.7,1.0,5.2,6.2,4.2,0.4,0.5,2.7,19.8,2023-24
31,Bam Adebayo,MIA,28,34.5,22.0,8.0,15.7,51.1,0.0,0.3,14.3,5.9,7.6,78.3,2.3,8.1,10.4,4.1,1.1,1.0,2.6,26.6,2023-24
32,Zion Williamson,NOP,32,30.4,22.0,8.7,14.8,58.4,0.1,0.3,33.3,4.6,6.9,66.4,1.9,4.1,5.9,4.6,0.9,0.4,2.6,22.8,2023-24
33,Karl-Anthony Towns,MIN,37,32.9,21.8,7.8,15.2,51.1,2.0,4.7,41.7,4.3,4.8,89.8,1.6,7.4,9.0,3.0,0.8,0.5,2.8,24.4,2023-24
34,Alperen Sengun,HOU,37,32.4,21.8,8.6,15.8,54.3,0.6,2.1,28.2,4.0,5.5,72.1,2.5,6.4,8.9,4.9,1.2,0.7,2.5,26.1,2023-24
35,Brandon Ingram,NOP,36,33.2,21.7,8.1,16.4,49.7,1.3,3.7,35.1,4.1,5.0,81.7,0.6,4.0,4.6,5.4,0.8,0.5,2.5,21.3,2023-24
36,Mikal Bridges,BKN,38,34.5,21.3,7.4,16.5,45.0,2.0,5.8,35.0,4.4,5.2,84.4,0.9,4.3,5.3,3.6,0.8,0.4,2.4,19.1,2023-24
37,Dejounte Murray,ATL,37,34.6,21.3,8.2,17.3,47.3,2.4,6.1,39.7,2.5,3.1,81.4,0.7,3.8,4.6,5.0,1.4,0.3,2.1,20.7,2023-24
37,Jaren Jackson Jr.,MEM,37,31.6,21.3,7.2,15.8,45.6,1.8,5.1,34.2,5.1,6.1,83.6,1.3,4.4,5.8,1.7,0.8,1.7,1.9,19.7,2023-24
39,Jerami Grant,POR,34,33.6,21.1,7.3,16.0,45.5,2.3,5.6,41.1,4.3,5.4,80.2,0.6,2.9,3.4,2.4,0.8,0.7,2.1,16.6,2023-24
40,Franz Wagner,ORL,34,33.4,20.9,7.7,16.5,46.7,1.4,4.8,28.8,4.1,4.8,85.2,1.1,4.8,5.9,3.9,1.1,0.4,1.9,20.7,2023-24
41,Cam Thomas,BKN,29,28.7,20.5,7.6,17.5,43.1,1.9,5.4,35.3,3.5,4.4,79.7,0.3,2.3,2.6,2.1,0.6,0.3,1.6,13.8,2023-24
42,Scottie Barnes,TOR,39,34.9,20.4,7.6,15.9,48.1,2.2,5.6,38.2,3.0,4.0,74.4,2.3,6.1,8.4,5.7,1.3,1.5,2.4,25.6,2023-24
43,Domantas Sabonis,SAC,38,34.8,20.1,8.1,13.3,60.4,0.4,1.1,39.5,3.5,5.3,67.0,3.4,9.3,12.7,7.7,0.8,0.5,3.3,31.4,2023-24
44,Victor Wembanyama,SAS,33,28.6,19.4,7.1,15.8,45.2,1.5,4.9,29.4,3.7,4.6,80.4,2.2,8.1,10.2,3.0,1.1,3.1,3.1,24.2,2023-24
45,Kristaps Porzingis,BOS,28,29.7,19.3,6.5,12.3,52.8,1.6,4.9,31.9,4.7,5.6,83.5,1.6,5.3,6.8,1.9,0.7,1.8,1.5,22.3,2023-24
46,Coby White,CHI,40,35.5,18.6,6.6,14.5,45.4,3.0,7.3,41.0,2.4,3.0,82.2,0.4,4.0,4.5,5.0,0.7,0.3,2.1,18.5,2023-24
47,RJ Barrett,TOR,33,30.1,18.5,6.5,14.5,44.8,1.8,4.8,36.3,3.7,4.5,82.0,0.8,4.1,4.8,2.6,0.5,0.4,1.9,16.0,2023-24
48,Devin Vassell,SAS,32,30.4,18.4,6.8,14.4,47.1,2.6,6.9,37.7,2.3,2.8,82.0,0.4,3.0,3.4,3.2,1.3,0.2,1.3,17.1,2023-24
49,Jalen Williams,OKC,34,31.7,18.3,7.0,12.9,54.7,1.3,3.0,44.6,2.9,3.5,83.1,0.5,3.7,4.1,4.4,1.0,0.5,1.9,20.1,2023-24
50,Chet Holmgren,OKC,37,29.8,18.0,6.8,12.1,55.9,1.7,4.2,40.1,2.8,3.5,79.7,1.5,5.8,7.3,2.7,0.6,2.5,1.7,23.4,2023-24
51,Tobias Harris,PHI,36,34.0,17.9,6.9,13.4,51.2,1.3,3.4,36.3,2.9,3.3,89.1,1.1,5.1,6.2,3.1,1.0,0.5,1.6,20.2,2023-24
52,Jordan Clarkson,UTA,30,30.0,17.8,6.4,15.1,42.1,1.8,5.7,31.6,3.3,3.7,87.5,1.0,2.5,3.6,5.3,0.7,0.1,3.0,15.3,2023-24
53,Fred VanVleet,HOU,36,37.5,17.6,5.8,14.2,40.6,3.1,8.0,39.2,2.9,3.4,87.6,0.4,3.6,3.9,8.6,1.1,0.7,1.7,21.4,2023-24
54,Jalen Green,HOU,37,30.6,17.6,5.8,14.6,40.1,2.2,6.5,34.2,3.7,4.6,80.0,0.4,4.2,4.6,3.2,0.6,0.3,2.2,14.5,2023-24
55,Tim Hardaway Jr.,DAL,36,29.1,17.5,6.0,14.4,41.8,3.2,8.8,35.8,2.3,2.7,86.5,0.3,3.3,3.7,1.8,0.4,0.0,0.8,13.8,2023-24
56,Myles Turner,IND,37,27.7,17.4,6.3,11.8,53.1,1.4,4.0,33.8,3.5,4.4,80.9,1.9,5.6,7.4,1.4,0.5,2.0,1.4,20.9,2023-24
57,Klay Thompson,GSW,37,30.2,17.4,6.1,14.1,43.0,3.3,8.5,38.9,2.0,2.2,90.1,0.5,3.1,3.6,2.3,0.5,0.5,1.7,14.5,2023-24
58,Bogdan Bogdanovic,ATL,35,28.2,17.4,6.2,14.5,42.8,3.2,8.7,36.9,1.7,1.9,89.7,0.5,2.7,3.3,2.7,1.4,0.2,1.0,15.5,2023-24
59,Keldon Johnson,SAS,35,31.8,17.3,6.2,13.8,45.0,1.9,5.6,34.4,2.9,3.8,78.0,1.3,4.7,6.0,3.7,0.9,0.2,1.7,18.1,2023-24
60,James Harden,LAC,33,33.7,17.1,5.1,10.9,46.3,2.7,6.3,42.8,4.2,4.8,87.5,0.3,4.3,4.7,8.5,1.2,0.8,2.7,23.1,2023-24
61,Jordan Poole,WAS,36,29.1,16.8,6.0,14.6,41.4,2.0,6.4,31.6,2.8,3.2,85.3,0.4,1.9,2.4,3.7,1.0,0.3,2.4,12.9,2023-24
62,Nikola Vucevic,CHI,35,33.8,16.6,7.1,15.4,45.8,1.1,4.0,27.3,1.4,1.6,87.5,2.7,7.6,10.3,3.4,0.8,0.7,1.6,21.6,2023-24
63,Caris LeVert,CLE,29,29.0,16.4,5.9,13.7,43.1,2.0,5.7,34.8,2.6,3.5,74.5,0.4,3.0,3.4,4.0,1.1,0.4,1.5,15.2,2023-24
64,Collin Sexton,UTA,40,23.5,16.3,5.5,11.5,47.9,1.4,3.8,36.0,3.9,4.4,88.7,0.8,1.8,2.6,3.9,0.7,0.2,1.8,15.4,2023-24
65,Keegan Murray,SAC,34,33.0,16.1,6.1,13.1,46.5,2.5,6.8,37.4,1.4,1.7,81.0,1.4,4.2,5.6,1.6,1.2,0.5,0.9,16.8,2023-24
66,Michael Porter Jr.,DEN,40,31.0,16.1,6.2,13.0,47.8,2.7,6.9,39.4,1.0,1.3,76.9,1.3,5.9,7.2,1.4,0.5,0.8,1.0,17.8,2023-24
67,Shaedon Sharpe,POR,32,33.1,15.9,5.5,13.6,40.6,1.9,5.6,33.3,3.1,3.7,82.4,1.3,3.7,5.0,2.9,0.9,0.4,2.3,14.2,2023-24
68,Derrick White,BOS,35,32.0,15.8,5.3,11.3,47.2,2.6,6.3,40.5,2.6,2.9,90.0,0.7,3.3,4.0,5.0,1.1,1.2,1.7,19.2,2023-24
69,Immanuel Quickley,TOR,37,25.2,15.7,5.2,11.6,45.0,2.3,5.5,41.7,2.9,3.3,87.0,0.2,2.7,2.9,3.0,0.5,0.1,1.0,14.4,2023-24
70,Austin Reaves,LAL,39,30.0,15.1,5.2,10.8,48.0,1.6,4.6,34.3,3.1,3.6,87.8,0.9,3.4,4.3,5.2,0.9,0.1,2.2,17.3,2023-24
71,Malik Monk,SAC,37,25.7,15.0,5.1,11.5,44.0,2.5,6.4,39.5,2.3,2.6,87.5,0.4,2.2,2.5,5.4,0.6,0.7,2.1,15.3,2023-24
72,OG Anunoby,NYK,33,33.5,14.8,5.7,11.6,49.5,2.2,5.8,37.7,1.2,1.6,73.6,1.1,3.1,4.2,2.4,1.1,0.5,1.5,15.2,2023-24
73,Jarrett Allen,CLE,32,30.3,14.8,6.0,9.1,66.6,0.0,0.0,0.0,2.7,3.6,74.8,3.5,6.5,10.0,3.0,0.9,1.0,1.7,24.0,2023-24
74,D'Angelo Russell,LAL,35,28.7,14.7,5.6,12.0,46.4,2.1,5.3,38.5,1.5,2.1,75.0,0.3,2.5,2.7,6.1,0.8,0.5,1.9,16.0,2023-24
75,Malcolm Brogdon,POR,30,26.7,14.7,5.3,12.2,43.2,2.1,5.2,41.3,2.1,2.7,77.5,0.6,2.7,3.3,5.1,0.7,0.1,1.4,15.1,2023-24
76,Bennedict Mathurin,IND,38,25.6,14.7,5.2,11.0,47.0,1.3,3.5,38.1,3.1,3.7,82.9,1.1,2.7,3.8,2.0,0.6,0.2,1.6,13.3,2023-24
77,Dennis Schroder,TOR,39,31.7,14.6,5.3,11.6,45.4,1.6,4.5,35.8,2.5,2.9,85.1,0.5,2.2,2.7,6.6,0.9,0.1,1.6,16.6,2023-24
78,Cameron Johnson,BKN,30,29.0,14.5,5.3,11.5,46.0,2.6,6.3,41.1,1.3,1.8,71.7,1.2,3.6,4.8,2.4,0.8,0.2,1.0,14.9,2023-24
79,Khris Middleton,MIL,33,25.3,14.4,5.5,11.4,48.4,1.7,4.5,37.4,1.7,2.0,83.6,0.6,3.7,4.3,5.0,0.8,0.2,2.1,16.5,2023-24
80,Jonas Valanciunas,NOP,39,26.8,14.3,5.6,9.9,57.1,0.7,1.9,37.8,2.3,2.8,80.9,2.4,7.2,9.6,2.2,0.6,1.2,1.4,21.7,2023-24
81,Duncan Robinson,MIA,36,29.3,14.2,4.9,10.7,45.6,3.0,7.3,41.4,1.4,1.6,86.2,0.3,2.4,2.6,3.1,0.6,0.2,1.3,13.4,2023-24
82,Jaime Jaquez Jr.,MIA,38,30.6,14.0,5.4,10.6,51.0,1.1,3.1,35.3,2.1,2.6,83.5,1.3,2.6,3.9,2.7,1.1,0.3,1.8,14.6,2023-24
83,Brandon Miller,CHA,32,30.3,13.9,5.2,12.6,41.5,2.0,5.3,37.6,1.5,1.9,80.0,0.8,2.9,3.7,2.2,0.7,0.5,1.6,11.6,2023-24
84,Aaron Gordon,DEN,34,31.5,13.9,5.6,10.2,54.8,0.6,1.9,30.8,2.1,3.3,62.8,2.8,3.8,6.5,3.2,0.9,0.6,1.4,17.8,2023-24
85,John Collins,UTA,36,27.9,13.7,5.3,10.7,49.7,1.4,3.6,37.4,1.8,2.3,75.9,2.0,5.6,7.6,0.9,0.6,0.8,1.5,16.2,2023-24
86,Cole Anthony,ORL,37,24.8,13.7,4.6,10.6,43.6,1.3,3.7,34.1,3.2,3.8,84.2,1.1,3.3,4.4,3.4,0.8,0.4,1.8,14.2,2023-24
87,Jabari Smith Jr.,HOU,36,31.6,13.6,4.9,10.4,47.3,1.8,4.5,38.7,1.9,2.3,83.3,1.9,6.9,8.9,1.4,0.6,0.8,1.3,18.1,2023-24
88,Dillon Brooks,HOU,28,30.9,13.6,5.0,10.6,47.6,1.9,4.6,40.8,1.6,1.9,83.3,0.7,2.8,3.5,1.7,0.9,0.0,1.8,12.1,2023-24
89,Jaden Ivey,DET,35,25.9,13.5,4.7,10.4,44.9,1.2,3.9,30.1,3.0,4.0,73.8,1.4,2.3,3.7,3.5,0.8,0.6,2.2,13.0,2023-24
90,Spencer Dinwiddie,BKN,36,30.9,13.4,4.3,11.1,39.0,1.9,6.1,31.5,2.9,3.7,77.4,0.6,3.1,3.8,6.3,0.8,0.2,1.5,15.3,2023-24
91,Max Strus,CLE,37,33.8,13.4,4.8,11.9,40.1,2.8,8.0,34.5,1.1,1.3,79.6,0.7,4.2,4.9,3.8,0.9,0.5,1.7,14.5,2023-24
92,Jalen Suggs,ORL,34,26.9,13.3,4.7,10.3,46.0,2.1,5.3,39.4,1.8,2.3,76.9,0.6,2.7,3.3,2.5,1.4,0.7,2.0,13.2,2023-24
93,Norman Powell,LAC,38,25.6,13.3,4.6,9.3,49.6,2.0,4.4,44.9,2.1,2.3,89.9,0.2,2.3,2.4,1.0,0.6,0.3,0.9,11.8,2023-24
94,Eric Gordon,PHX,32,31.0,13.3,4.9,10.8,45.4,2.6,6.7,39.3,0.8,1.1,76.5,0.3,1.8,2.1,2.3,0.9,0.5,1.3,11.7,2023-24
95,Grayson Allen,PHX,33,33.3,13.2,4.5,9.1,49.5,2.5,5.5,46.2,1.6,1.8,90.0,0.8,3.4,4.2,2.8,0.9,0.6,1.4,15.5,2023-24
96,Jonathan Kuminga,GSW,37,22.8,13.1,4.8,9.5,51.1,0.8,2.5,30.1,2.6,3.8,69.8,1.2,3.0,4.1,1.5,0.6,0.3,1.4,12.4,2023-24
96,Rudy Gobert,MIN,37,32.4,13.1,5.0,7.9,63.4,0.0,0.0,0.0,3.1,4.8,63.1,3.5,8.7,12.2,1.1,0.7,2.1,1.6,22.8,2023-24
98,P.J. Washington,CHA,30,28.6,13.0,4.9,11.5,42.4,1.8,5.6,31.4,1.5,2.0,76.3,1.2,4.0,5.2,2.3,0.9,0.7,1.5,13.6,2023-24
98,Saddiq Bey,ATL,37,32.5,13.0,4.5,10.5,43.4,1.9,5.5,33.8,2.1,2.5,80.9,2.4,4.2,6.6,1.4,1.0,0.2,1.0,14.7,2023-24
100,Zach Collins,SAS,31,26.1,12.9,4.9,10.0,49.5,1.1,3.5,31.2,2.0,2.5,79.2,1.9,4.1,6.0,3.3,0.6,0.8,2.3,15.7,2023-24
101,Naz Reid,MIN,38,22.7,12.9,4.8,9.6,50.4,1.9,4.8,39.9,1.3,1.6,81.4,1.1,3.8,4.9,1.1,0.7,0.6,1.3,13.8,2023-24
102,Jrue Holiday,BOS,35,34.1,12.8,4.9,10.9,45.1,1.9,4.7,39.6,1.1,1.4,80.0,1.5,4.8,6.4,4.6,0.9,0.8,2.0,17.2,2023-24
103,Brook Lopez,MIL,38,31.2,12.7,4.8,9.9,48.0,1.7,5.0,33.0,1.5,1.9,80.6,1.4,3.6,5.1,1.4,0.6,2.9,0.9,16.3,2023-24
104,Tyus Jones,WAS,37,27.9,12.6,5.3,10.0,52.6,1.6,3.7,43.1,0.5,0.7,73.1,0.3,2.5,2.8,5.5,1.2,0.3,0.9,16.6,2023-24
105,Buddy Hield,IND,38,25.6,12.6,4.6,10.6,43.7,2.8,7.3,38.1,0.6,0.7,84.0,0.7,2.5,3.2,2.5,0.7,0.7,1.4,12.3,2023-24
106,Bobby Portis,MIL,38,23.5,12.4,5.1,10.1,50.1,1.1,2.9,36.4,1.2,1.6,76.7,1.7,5.1,6.7,1.0,0.7,0.5,0.9,15.1,2023-24
107,Jusuf Nurkic,PHX,36,27.9,12.4,4.7,9.6,48.4,0.6,2.1,27.3,2.5,3.5,71.4,2.8,7.5,10.3,3.5,0.9,1.1,1.9,20.3,2023-24
108,Ivica Zubac,LAC,38,27.1,12.4,5.3,8.1,65.5,0.0,0.0,0.0,1.8,2.8,64.8,3.3,6.5,9.7,1.3,0.2,1.4,1.1,20.1,2023-24
109,Nic Claxton,BKN,28,28.3,12.2,5.3,8.2,64.2,0.0,0.0,100,1.7,2.8,59.5,3.2,6.7,9.9,1.8,0.5,2.3,1.2,21.5,2023-24
110,Deni Avdija,WAS,37,27.1,12.1,4.5,9.1,49.9,1.0,2.7,35.6,2.0,2.7,75.0,1.1,4.9,5.9,3.8,1.0,0.3,1.7,16.2,2023-24
111,Scoot Henderson,POR,29,27.8,12.0,4.4,12.1,36.5,1.2,4.0,29.3,2.0,2.8,72.0,0.9,2.1,3.0,4.9,0.6,0.2,3.3,9.0,2023-24
112,Josh Giddey,OKC,36,25.0,12.0,4.9,10.7,46.4,1.0,2.6,37.2,1.1,1.4,81.6,1.4,4.8,6.1,4.7,0.8,0.5,2.4,15.7,2023-24
113,Andrew Wiggins,GSW,34,26.0,11.9,4.6,10.7,42.5,0.9,3.2,29.4,1.8,2.6,68.9,1.8,2.4,4.1,1.5,0.4,0.4,1.5,9.8,2023-24
114,Bruce Brown,IND,32,29.6,11.9,4.4,9.3,47.3,1.0,3.1,32.3,2.1,2.5,83.5,0.6,3.9,4.5,2.9,1.0,0.3,1.2,14.0,2023-24
114,Reggie Jackson,DEN,40,23.3,11.9,4.8,10.2,46.6,1.5,3.8,37.9,0.9,1.3,74.0,0.4,1.8,2.1,4.3,0.6,0.2,1.5,11.9,2023-24
116,De'Anthony Melton,PHI,33,29.1,11.8,3.9,9.9,39.3,2.1,5.8,36.3,1.9,2.3,82.7,0.8,3.2,4.0,3.2,1.6,0.5,1.2,13.5,2023-24
117,Obi Toppin,IND,38,23.8,11.8,4.6,7.8,58.9,1.4,3.4,40.8,1.2,1.6,78.0,1.1,2.9,4.0,1.5,0.5,0.5,0.8,14.1,2023-24
118,Aaron Nesmith,IND,36,25.4,11.8,4.3,8.2,51.7,2.1,4.5,46.6,1.1,1.6,71.9,0.8,2.4,3.3,1.1,1.1,0.7,0.9,12.7,2023-24
119,Moritz Wagner,ORL,38,19.6,11.7,4.5,7.6,59.9,0.6,1.8,31.3,2.1,2.7,79.2,1.6,3.1,4.7,1.3,0.6,0.3,1.2,13.8,2023-24
120,Corey Kispert,WAS,36,22.2,11.7,4.1,8.6,48.4,2.0,5.4,37.1,1.4,1.9,73.5,0.4,1.7,2.1,1.5,0.3,0.2,1.0,9.8,2023-24
121,Malik Beasley,MIL,36,29.0,11.6,4.2,8.6,49.2,3.0,6.2,47.8,0.2,0.3,66.7,0.6,3.4,4.1,1.3,0.7,0.1,0.6,12.7,2023-24
122,Clint Capela,ATL,35,26.3,11.5,4.9,8.3,58.2,0.0,0.0,0.0,1.8,2.7,65.6,4.9,5.7,10.6,1.1,0.7,1.7,0.9,20.2,2023-24
123,Alec Burks,DET,32,19.6,11.5,3.4,9.0,38.2,2.0,5.3,38.0,2.6,2.9,88.2,0.4,1.8,2.3,1.3,0.4,0.3,0.7,9.1,2023-24
124,Gary Trent Jr.,TOR,35,25.7,11.3,4.1,10.1,41.0,2.2,5.5,39.8,0.8,1.2,65.1,0.3,1.9,2.2,1.6,0.8,0.1,0.6,9.0,2023-24
125,Mike Conley,MIN,37,29.1,11.1,3.7,8.2,45.7,2.4,5.2,45.8,1.3,1.4,94.1,0.3,2.4,2.7,6.4,0.9,0.1,1.0,15.8,2023-24
126,Luguentz Dort,OKC,36,28.4,11.1,3.7,8.1,45.9,1.8,4.4,41.8,1.8,2.3,81.5,1.2,2.7,3.9,1.4,0.9,0.8,0.9,12.4,2023-24
127,Talen Horton-Tucker,UTA,30,22.0,11.0,4.1,10.0,41.1,1.2,3.7,33.3,1.6,2.0,78.7,0.4,2.1,2.5,4.2,1.1,0.4,1.7,11.2,2023-24
128,Donte DiVincenzo,NYK,38,21.6,11.0,3.8,8.1,47.1,2.6,5.9,44.2,0.8,1.0,76.3,0.7,2.3,3.1,2.0,1.1,0.3,1.1,11.9,2023-24
128,Jeremy Sochan,SAS,37,29.0,11.0,4.3,9.7,43.9,0.9,2.5,37.2,1.5,2.0,76.7,1.4,4.1,5.5,3.9,0.6,0.3,2.0,13.5,2023-24
130,Russell Westbrook,LAC,38,22.9,10.8,4.4,9.6,45.9,0.6,2.3,27.3,1.4,2.2,64.3,1.5,4.3,5.8,4.5,1.1,0.4,2.2,14.6,2023-24
131,Keyonte George,UTA,34,24.9,10.8,3.4,9.4,36.7,1.7,5.2,32.2,2.3,2.9,79.4,0.4,2.6,3.0,4.5,0.4,0.1,2.1,10.2,2023-24
132,Harrison Barnes,SAC,38,29.1,10.8,3.6,7.6,47.2,1.7,4.3,40.2,1.8,2.3,80.2,0.9,2.0,2.9,1.2,0.7,0.2,0.7,10.5,2023-24
133,Herbert Jones,NOP,36,29.0,10.6,3.7,7.8,47.9,1.3,3.4,37.7,1.9,2.2,87.3,1.1,2.6,3.7,2.5,1.3,1.0,1.3,13.5,2023-24
134,Jakob Poeltl,TOR,36,26.5,10.6,4.7,6.9,68.5,0.0,0.0,0.0,1.2,2.2,53.2,2.8,5.6,8.3,2.5,0.7,1.4,1.6,18.7,2023-24
135,Isaiah Stewart,DET,29,30.6,10.6,3.9,8.3,47.1,1.4,3.7,39.6,1.2,1.7,73.5,1.8,5.2,7.0,1.7,0.3,0.6,1.6,13.7,2023-24
136,Daniel Gafford,WAS,34,26.0,10.5,4.2,6.2,67.9,0.0,0.0,0.0,2.0,2.8,72.6,2.7,5.0,7.7,1.6,0.9,2.1,1.0,19.0,2023-24
137,Santi Aldama,MEM,29,23.2,10.4,3.9,9.0,43.8,1.6,4.6,34.1,1.0,1.6,60.9,1.3,4.2,5.5,1.7,0.7,0.7,1.1,12.2,2023-24
138,Dario Saric,GSW,38,20.4,10.4,3.6,7.6,47.7,1.5,3.8,39.6,1.7,1.9,85.1,1.5,4.1,5.6,2.3,0.6,0.2,1.2,13.7,2023-24
139,Jaden McDaniels,MIN,28,27.7,10.4,4.3,8.5,50.8,1.1,3.2,34.8,0.6,0.8,73.9,0.5,1.9,2.4,1.3,0.8,0.6,1.1,9.9,2023-24
140,Derrick Jones Jr.,DAL,38,26.0,10.3,3.8,7.9,47.7,1.4,4.1,34.0,1.3,1.8,72.9,1.3,2.5,3.8,1.0,0.9,0.9,0.9,11.4,2023-24
141,Kentavious Caldwell-Pope,DEN,38,32.1,10.1,3.6,7.8,45.9,1.5,3.7,40.7,1.5,1.6,90.3,0.4,1.7,2.2,2.6,1.5,0.6,1.1,11.5,2023-24
142,Kevin Love,MIA,31,19.1,10.1,3.2,7.1,45.2,1.7,4.8,34.9,2.1,2.6,78.0,1.1,5.6,6.7,2.6,0.4,0.2,0.7,14.8,2023-24
143,Jordan Hawkins,NOP,34,21.6,10.1,3.3,8.5,39.0,2.0,5.5,37.1,1.4,1.6,85.5,0.5,2.2,2.7,1.4,0.3,0.1,0.7,8.4,2023-24
144,Josh Richardson,MIA,29,27.2,10.0,3.6,8.1,44.4,1.4,4.3,33.6,1.4,1.5,93.0,0.4,2.3,2.7,2.9,0.6,0.3,1.0,10.9,2023-24
145,Taurean Prince,LAL,37,30.9,9.9,3.5,8.3,42.7,2.2,5.6,39.2,0.6,0.8,74.2,0.3,2.6,2.9,1.8,0.9,0.5,0.9,10.2,2023-24
146,Patrick Williams,CHI,39,27.4,9.8,3.7,8.2,45.0,1.3,3.2,40.8,1.2,1.5,76.7,1.1,2.8,3.9,1.6,0.9,0.8,1.3,10.8,2023-24
147,Alex Caruso,CHI,33,25.0,9.8,3.5,7.1,48.9,1.6,4.0,40.6,1.2,1.6,75.9,1.1,2.4,3.5,2.5,1.2,0.8,1.3,12.5,2023-24
148,Dorian Finney-Smith,BKN,35,28.4,9.6,3.5,8.2,43.1,2.3,5.5,40.9,0.2,0.3,80.0,1.9,2.9,4.7,1.3,0.7,0.5,0.8,11.3,2023-24
149,Kevin Huerter,SAC,36,22.9,9.5,3.6,8.6,41.6,1.7,5.1,33.0,0.7,0.9,80.6,0.5,3.0,3.6,2.5,0.6,0.3,0.6,10.7,2023-24
150,Onyeka Okongwu,ATL,36,24.8,9.5,3.6,6.1,59.5,0.4,1.2,29.5,1.8,2.2,82.5,2.5,4.1,6.6,1.4,0.5,1.0,0.7,15.4,2023-24
151,Dante Exum,DAL,30,19.5,9.3,3.7,6.4,57.5,0.9,2.1,45.2,1.0,1.3,75.0,0.6,2.3,2.9,2.9,0.6,0.2,0.9,11.9,2023-24
152,Kyle Lowry,MIA,32,28.4,9.2,3.1,6.6,46.2,1.9,4.5,43.4,1.1,1.3,83.3,0.7,2.9,3.6,4.0,1.1,0.4,1.5,12.9,2023-24
153,Isaiah Joe,OKC,37,19.4,9.1,3.1,6.8,45.6,2.2,5.1,42.6,0.8,0.9,82.4,0.2,2.0,2.2,1.1,0.6,0.3,0.6,8.9,2023-24
154,Simone Fontecchio,UTA,38,22.4,9.0,3.2,7.2,45.2,1.8,4.7,39.5,0.7,0.9,77.1,0.9,2.2,3.1,1.3,0.6,0.4,1.1,9.2,2023-24
155,Chris Paul,GSW,32,27.6,8.9,3.3,7.7,42.4,1.3,3.7,36.1,1.1,1.3,83.3,0.3,3.5,3.8,7.2,1.1,0.1,1.2,15.3,2023-24
156,Walker Kessler,UTA,32,24.0,8.9,4.0,6.2,64.8,0.1,0.5,25.0,0.7,1.3,53.5,2.7,5.0,7.7,0.8,0.6,2.6,1.0,16.7,2023-24
157,Nick Richards,CHA,30,24.0,8.9,3.5,5.1,68.6,0.0,0.0,0.0,1.9,2.5,75.7,2.4,5.0,7.4,0.8,0.4,1.3,0.9,15.7,2023-24
158,Brandin Podziemski,GSW,32,23.9,8.8,3.4,7.6,44.9,1.3,3.3,39.3,0.7,1.1,62.9,1.5,3.9,5.4,3.3,0.9,0.2,1.3,12.7,2023-24
159,Moses Moody,GSW,34,18.0,8.7,3.1,6.5,48.2,1.1,3.1,35.8,1.3,1.7,78.9,1.1,2.0,3.1,0.8,0.7,0.3,0.7,9.2,2023-24
160,Dereck Lively II,DAL,29,25.2,8.7,4.0,5.5,72.3,0.0,0.1,0.0,0.8,1.4,54.8,2.7,4.9,7.6,1.3,0.6,1.4,1.1,16.3,2023-24
161,Malaki Branham,SAS,36,22.0,8.7,3.5,8.2,42.9,1.0,3.2,31.9,0.6,0.6,91.3,0.3,1.8,2.1,2.5,0.4,0.1,1.3,7.7,2023-24
162,Isaac Okoro,CLE,28,26.1,8.6,3.1,6.3,49.1,0.9,2.5,36.6,1.6,2.2,71.0,1.4,2.0,3.4,2.0,0.8,0.4,0.9,10.5,2023-24
163,Sam Hauser,BOS,37,22.1,8.6,3.0,6.6,45.1,2.4,5.7,41.9,0.3,0.4,84.6,0.8,2.8,3.6,0.9,0.5,0.3,0.5,9.7,2023-24
164,Tre Jones,SAS,33,24.2,8.6,3.5,7.2,48.3,0.5,2.1,23.5,1.2,1.4,87.0,0.7,2.2,2.9,5.0,0.8,0.2,1.4,12.1,2023-24
165,Georges Niang,CLE,37,22.0,8.5,3.2,7.7,41.5,1.7,4.8,35.0,0.5,0.6,85.7,0.4,3.4,3.8,1.2,0.3,0.2,0.8,8.5,2023-24
166,Grant Williams,DAL,35,27.1,8.4,2.9,7.0,41.8,1.8,4.7,37.8,0.8,1.2,69.0,1.1,2.6,3.6,1.6,0.4,0.7,1.0,9.3,2023-24
167,Bilal Coulibaly,WAS,36,26.5,8.3,3.1,6.4,47.8,1.1,2.7,39.2,1.1,1.8,64.1,0.8,3.4,4.3,1.8,0.9,0.8,1.4,10.6,2023-24
168,Jabari Walker,POR,34,19.3,8.3,3.0,6.1,48.8,0.5,1.8,27.4,1.9,2.4,77.8,1.8,3.9,5.7,0.9,0.7,0.4,1.0,11.3,2023-24
169,Kelly Olynyk,UTA,38,21.3,8.2,2.9,5.2,56.6,0.8,1.8,43.5,1.6,1.8,85.5,1.4,3.8,5.2,4.6,0.9,0.3,1.7,15.0,2023-24
170,Ausar Thompson,DET,39,23.6,8.1,3.3,7.4,44.6,0.2,1.7,13.6,1.2,1.8,68.6,2.1,4.6,6.7,2.1,0.8,1.0,1.4,12.6,2023-24
171,Naji Marshall,NOP,30,18.7,8.0,2.8,6.0,46.1,0.9,2.5,37.8,1.6,1.9,82.5,1.1,2.7,3.8,2.1,0.7,0.2,1.1,10.2,2023-24
172,Ayo Dosunmu,CHI,38,22.7,8.0,3.1,6.8,45.9,1.0,2.9,34.9,0.8,1.0,76.3,0.7,1.8,2.5,1.9,0.7,0.3,0.8,8.7,2023-24
173,Ziaire Williams,MEM,36,18.9,8.0,2.9,7.0,41.1,1.2,3.5,34.1,1.0,1.2,83.7,0.7,2.8,3.5,1.3,0.5,0.3,1.2,8.0,2023-24
174,Jaden Hardy,DAL,34,15.5,7.9,2.9,7.6,38.1,1.3,3.8,34.9,0.8,1.2,68.3,0.3,1.8,2.1,1.7,0.4,0.1,0.7,6.3,2023-24
175,Christian Braun,DEN,40,19.6,7.9,2.9,6.3,46.2,0.7,1.9,37.7,1.3,1.8,72.6,0.7,2.9,3.6,1.6,0.4,0.4,0.8,9.2,2023-24
175,T.J. McConnell,IND,30,16.2,7.9,3.5,6.4,54.7,0.0,0.5,7.1,0.9,1.2,74.3,0.5,2.2,2.7,5.4,1.1,0.1,1.3,12.8,2023-24
177,Al Horford,BOS,31,27.1,7.7,2.9,6.0,48.7,1.5,3.9,39.7,0.3,0.4,83.3,1.4,5.5,6.9,3.0,0.5,1.1,0.9,15.2,2023-24
178,Cedi Osman,SAS,37,18.4,7.7,2.9,6.0,48.0,1.2,3.2,36.7,0.8,1.1,66.7,0.4,2.2,2.6,1.9,0.5,0.1,0.6,8.7,2023-24
179,Payton Pritchard,BOS,38,20.8,7.7,2.8,6.6,41.8,1.7,4.5,37.1,0.5,0.7,74.1,1.0,2.2,3.2,3.0,0.4,0.1,0.6,9.8,2023-24
180,David Roddy,MEM,35,21.8,7.6,2.9,7.0,41.1,0.9,3.1,30.0,0.9,1.3,71.1,0.9,2.8,3.7,1.3,0.5,0.3,0.9,8.0,2023-24
181,Andre Drummond,CHI,40,15.9,7.5,3.0,5.6,54.0,0.0,0.1,0.0,1.5,2.6,55.8,3.3,5.1,8.4,0.6,1.2,0.6,1.2,13.3,2023-24
181,Killian Hayes,DET,34,24.8,7.5,3.0,7.5,39.8,0.6,2.0,28.4,0.9,1.4,68.1,0.3,2.6,2.9,4.7,1.0,0.5,1.3,10.4,2023-24
183,Day'Ron Sharpe,BKN,37,16.0,7.5,3.0,5.2,57.5,0.0,0.2,14.3,1.5,2.4,61.4,2.8,4.2,7.0,1.4,0.5,0.9,1.0,13.1,2023-24
184,Christian Wood,LAL,33,19.2,7.4,2.6,5.4,48.0,0.8,2.4,33.8,1.3,2.0,66.7,0.9,4.7,5.6,1.0,0.2,0.7,1.2,10.1,2023-24
185,Royce O'Neale,BKN,37,25.2,7.3,2.5,6.6,38.2,1.9,5.3,36.7,0.3,0.5,61.1,0.8,3.7,4.6,3.1,0.8,0.6,1.1,10.9,2023-24
186,Josh Hart,NYK,38,28.2,7.3,2.8,6.4,44.4,0.9,2.8,32.4,0.7,0.9,79.4,1.2,5.0,6.2,2.8,0.8,0.2,1.2,12.4,2023-24
187,Terance Mann,LAC,32,25.3,7.3,2.8,6.5,43.0,0.9,3.2,28.4,0.8,1.1,74.3,1.2,2.1,3.3,1.8,0.7,0.3,0.7,8.7,2023-24
188,Toumani Camara,POR,37,25.1,7.2,2.7,6.5,41.1,0.9,3.0,29.1,1.0,1.5,67.3,2.0,3.0,5.0,0.9,1.0,0.6,1.3,9.1,2023-24
189,Isaiah Jackson,IND,30,14.1,7.2,2.9,4.2,69.0,0.0,0.1,0.0,1.4,2.0,70.0,1.5,2.7,4.2,0.9,0.7,1.3,0.7,11.7,2023-24
190,Goga Bitadze,ORL,34,20.8,7.1,2.9,4.7,61.6,0.1,0.2,28.6,1.3,1.9,68.2,2.4,3.9,6.4,1.6,0.7,1.7,0.8,14.3,2023-24
191,Gary Harris,ORL,27,22.8,7.1,2.4,5.7,42.9,1.3,4.0,33.3,0.9,1.1,77.4,0.5,1.2,1.7,1.9,0.9,0.2,0.5,7.7,2023-24
192,Trayce Jackson-Davis,GSW,28,14.5,7.1,2.9,4.2,69.5,0.0,0.0,0.0,1.2,1.9,64.2,1.8,2.6,4.5,1.0,0.4,0.8,0.8,11.0,2023-24
193,Quentin Grimes,NYK,35,20.1,7.0,2.5,6.1,40.4,1.8,4.7,39.0,0.3,0.5,62.5,0.3,1.4,1.7,1.1,0.7,0.1,0.5,6.3,2023-24
194,Peyton Watson,DEN,38,17.7,7.0,2.7,5.4,48.8,0.7,2.0,35.1,1.0,1.4,70.4,0.6,2.1,2.7,0.9,0.5,0.8,0.5,8.3,2023-24
195,Danilo Gallinari,WAS,26,14.8,7.0,2.2,5.0,43.5,0.8,2.5,31.3,1.8,2.2,83.9,0.5,2.5,2.9,1.2,0.2,0.1,0.5,7.8,2023-24
196,Precious Achiuwa,NYK,31,16.5,6.9,2.8,6.1,45.8,0.5,1.7,26.9,0.8,1.4,56.8,2.0,3.2,5.2,1.5,0.6,0.5,1.1,9.6,2023-24
197,Cason Wallace,OKC,37,21.5,6.9,2.6,5.1,51.6,1.1,2.6,41.7,0.5,0.6,85.7,0.5,1.6,2.2,1.5,0.6,0.5,0.5,8.6,2023-24
198,Marcus Sasser,DET,35,15.4,6.8,2.5,5.5,46.4,1.1,2.6,41.1,0.6,0.7,88.0,0.2,1.4,1.6,2.5,0.6,0.2,0.8,7.8,2023-24
199,Aaron Holiday,HOU,35,17.6,6.7,2.4,5.6,43.6,1.3,3.1,41.1,0.6,0.7,91.7,0.3,1.7,1.9,1.6,0.5,0.1,0.8,6.9,2023-24
200,Cam Reddish,LAL,32,23.9,6.7,2.3,6.0,39.3,0.9,2.8,34.1,1.1,1.3,83.3,0.6,1.9,2.5,1.4,1.3,0.3,0.9,7.3,2023-24
201,Jeff Green,HOU,36,16.4,6.7,2.2,4.0,55.2,0.4,1.2,30.2,1.9,2.3,81.9,0.7,1.3,2.0,0.8,0.1,0.4,0.7,7.1,2023-24
202,Kyle Anderson,MIN,38,22.8,6.6,2.6,5.5,46.9,0.1,0.7,12.0,1.4,2.0,69.7,0.7,2.9,3.7,3.8,0.8,0.7,1.5,10.6,2023-24
203,Isaiah Hartenstein,NYK,38,24.4,6.6,2.6,4.3,60.5,0.0,0.1,33.3,1.4,2.0,70.1,3.2,4.7,7.9,1.8,1.2,1.1,1.1,15.2,2023-24
204,Daniel Theis,LAC,28,16.5,6.5,2.6,5.0,51.1,0.4,0.9,44.0,1.0,1.3,73.0,1.5,2.0,3.5,0.9,0.5,0.9,0.6,8.7,2023-24
205,Nickeil Alexander-Walker,MIN,38,22.3,6.4,2.3,5.6,41.6,1.3,3.8,35.7,0.4,0.6,69.6,0.4,1.3,1.8,2.4,0.9,0.6,1.0,7.7,2023-24
206,Doug McDermott,SAS,33,15.8,6.4,2.2,4.7,46.1,1.8,3.8,46.8,0.3,0.5,66.7,0.1,0.9,1.1,1.3,0.3,0.1,0.5,5.9,2023-24
207,Chris Boucher,TOR,36,14.1,6.4,2.2,4.4,48.8,0.7,1.9,35.7,1.3,1.8,75.0,1.1,2.8,3.9,0.4,0.4,0.5,0.5,8.3,2023-24
208,Trendon Watford,BKN,27,13.0,6.3,2.6,4.7,54.8,0.3,0.9,34.8,0.9,1.1,82.8,1.0,2.2,3.2,1.7,0.5,0.3,0.9,8.8,2023-24
209,Marcus Morris Sr.,PHI,29,16.1,6.3,2.2,5.1,44.2,1.0,2.3,42.6,0.8,0.9,85.2,0.4,2.3,2.7,0.8,0.4,0.3,0.4,7.1,2023-24
210,Cameron Payne,MIL,37,15.4,6.1,2.1,4.6,45.9,1.1,2.8,38.2,0.8,0.9,88.6,0.1,1.1,1.2,2.4,0.4,0.1,0.8,6.8,2023-24
211,Ochai Agbaji,UTA,40,20.4,6.1,2.4,5.4,44.2,1.1,3.2,33.6,0.3,0.4,73.3,0.8,1.8,2.6,1.0,0.6,0.5,0.7,7.0,2023-24
212,Dyson Daniels,NOP,39,22.5,6.1,2.3,5.4,43.1,0.7,2.4,29.0,0.7,1.2,63.0,0.9,2.9,3.8,2.7,1.4,0.3,0.9,9.9,2023-24
213,Julian Strawther,DEN,33,13.9,5.9,2.2,5.6,38.4,1.1,3.5,32.2,0.5,0.7,69.6,0.1,1.4,1.5,1.1,0.5,0.2,0.5,5.0,2023-24
214,Vince Williams Jr.,MEM,28,22.0,5.9,1.8,4.8,37.3,1.3,3.5,35.4,1.1,1.3,83.3,1.1,3.9,5.1,1.8,0.6,0.6,0.9,9.8,2023-24
215,Paul Reed,PHI,37,15.6,5.9,2.5,4.6,54.7,0.2,0.5,33.3,0.7,0.9,73.5,1.9,2.8,4.6,1.2,0.7,0.7,0.8,10.0,2023-24
216,Drew Eubanks,PHX,33,16.3,5.8,2.3,3.9,58.5,0.1,0.1,100,1.2,1.5,76.0,1.4,2.8,4.3,0.9,0.3,0.9,1.1,9.2,2023-24
217,Nicolas Batum,PHI,26,24.2,5.8,2.0,3.9,52.5,1.3,2.9,46.1,0.3,0.5,64.3,1.0,2.7,3.7,2.2,0.6,0.8,0.6,10.4,2023-24
218,Chimezie Metu,PHX,28,13.1,5.8,2.0,4.0,50.9,0.5,1.7,29.2,1.2,1.3,89.2,0.8,2.3,3.0,0.5,0.6,0.2,0.8,7.2,2023-24
219,Josh Okogie,PHX,32,19.4,5.7,1.7,4.3,39.7,0.5,2.0,23.4,1.8,2.4,76.3,1.4,1.5,2.8,1.3,1.0,0.5,0.7,7.6,2023-24
220,Matisse Thybulle,POR,37,22.8,5.6,2.0,4.7,41.7,1.4,3.8,37.1,0.3,0.4,78.6,0.4,1.6,2.1,1.0,1.6,0.9,0.5,7.8,2023-24
221,Kevon Looney,GSW,38,20.6,5.6,2.3,3.7,61.3,0.0,0.0,0.0,1.0,1.4,70.4,2.6,4.6,7.2,2.4,0.5,0.3,0.7,13.4,2023-24
222,Julian Champagnie,SAS,30,14.9,5.5,1.7,4.4,38.3,1.3,3.4,37.6,0.8,0.9,85.7,0.3,1.6,1.9,0.9,0.6,0.5,0.7,5.8,2023-24
223,Bryce McGowens,CHA,31,18.0,5.4,1.9,4.3,43.9,0.8,2.1,38.5,0.9,1.2,73.0,0.4,1.5,1.8,1.0,0.3,0.1,0.6,5.3,2023-24
224,Pat Connaughton,MIL,32,21.9,5.4,1.9,4.5,42.8,1.2,3.3,35.6,0.4,0.5,70.6,0.8,2.7,3.5,1.8,0.4,0.2,0.6,8.0,2023-24
225,Max Christie,LAL,29,17.9,5.3,2.0,4.8,41.0,0.7,2.3,31.3,0.7,0.9,76.9,0.3,2.8,3.1,1.1,0.4,0.3,0.8,6.3,2023-24
226,Sasha Vezenkov,SAC,29,13.0,5.3,2.0,4.8,42.8,1.0,2.9,35.3,0.2,0.3,75.0,0.9,1.8,2.7,0.4,0.4,0.2,0.3,5.9,2023-24
227,Jordan Goodwin,PHX,34,15.8,5.3,2.0,5.3,37.0,0.7,2.3,29.1,0.7,0.8,85.2,1.1,2.3,3.4,2.2,0.6,0.2,0.8,7.4,2023-24
228,Jevon Carter,CHI,38,14.4,5.2,2.0,5.5,35.9,1.2,3.5,33.6,0.1,0.1,60.0,0.1,0.6,0.7,1.2,0.6,0.3,0.5,3.9,2023-24
229,Bismack Biyombo,MEM,30,23.9,5.2,2.2,4.0,56.3,0.0,0.0,0.0,0.7,1.5,47.8,1.9,4.5,6.4,1.7,0.3,1.1,1.3,10.9,2023-24
230,Patrick Beverley,PHI,36,17.8,5.2,1.8,4.3,43.1,0.6,2.1,30.3,0.9,1.1,77.5,0.7,2.3,2.9,2.4,0.5,0.3,0.8,7.9,2023-24
231,Dean Wade,CLE,30,21.8,5.1,1.7,4.2,39.4,1.3,3.6,36.4,0.5,0.6,83.3,1.0,3.5,4.5,0.9,0.9,0.3,0.5,8.5,2023-24
232,Caleb Houstan,ORL,29,15.3,5.1,1.6,4.0,40.9,1.4,3.7,38.3,0.4,0.6,81.3,0.6,1.2,1.8,0.7,0.3,0.0,0.3,5.2,2023-24
233,Jae'Sean Tate,HOU,35,19.4,5.1,2.0,4.1,49.0,0.5,1.6,32.1,0.6,0.8,71.4,1.1,2.6,3.7,1.1,0.7,0.2,0.5,8.0,2023-24
234,Shake Milton,MIN,32,13.4,5.0,1.8,4.3,40.3,0.4,1.5,26.5,1.1,1.4,81.8,0.2,1.2,1.4,1.3,0.4,0.1,0.8,4.6,2023-24
235,MarJon Beauchamp,MIL,33,15.5,5.0,1.9,4.0,48.5,0.8,1.9,40.3,0.4,0.6,60.0,0.6,1.9,2.5,0.8,0.3,0.2,0.7,5.8,2023-24
236,Kris Dunn,UTA,32,17.3,5.0,2.1,4.5,46.2,0.5,1.4,36.4,0.3,0.5,68.8,0.6,2.3,2.9,4.1,0.9,0.5,1.3,9.5,2023-24
237,Aaron Wiggins,OKC,35,12.3,4.9,1.9,3.3,58.1,0.5,1.0,48.6,0.6,0.8,74.1,0.6,1.6,2.2,0.7,0.4,0.1,0.5,6.3,2023-24
238,Anthony Black,ORL,36,19.7,4.9,1.9,3.9,48.6,0.5,1.4,35.3,0.6,1.0,62.2,0.6,1.9,2.5,1.8,0.7,0.4,1.0,6.8,2023-24
239,Dwight Powell,DAL,36,15.8,4.8,1.6,2.3,71.1,0.0,0.1,50.0,1.4,1.9,75.4,1.7,2.1,3.8,1.6,0.5,0.4,0.5,9.4,2023-24
240,Keita Bates-Diop,PHX,28,16.6,4.7,1.6,4.3,38.3,0.5,1.8,27.5,0.9,1.2,73.5,0.8,2.0,2.8,0.9,0.6,0.5,0.2,6.3,2023-24
241,Malachi Flynn,NYK,34,14.1,4.7,1.6,4.1,40.3,0.8,2.4,34.6,0.6,0.7,79.2,0.4,1.6,1.9,2.1,0.5,0.2,1.0,5.9,2023-24
242,Kenrich Williams,OKC,26,15.3,4.5,1.8,3.8,48.0,0.8,1.9,42.9,0.1,0.4,30.0,0.7,2.0,2.7,1.6,0.5,0.1,0.4,6.9,2023-24
243,Troy Brown Jr.,MIN,33,11.9,4.5,1.5,3.4,44.2,0.9,2.5,37.0,0.6,0.7,86.4,0.4,1.7,2.1,1.0,0.2,0.1,0.5,5.4,2023-24
244,JaVale McGee,SAC,32,8.1,4.5,1.9,3.0,63.2,0.0,0.1,0.0,0.8,1.2,63.2,1.0,2.0,3.0,0.4,0.2,0.6,1.0,6.2,2023-24
244,Seth Curry,DAL,30,13.3,4.5,1.6,4.2,37.6,0.9,2.3,38.6,0.5,0.5,87.5,0.4,1.1,1.6,0.9,0.5,0.1,0.5,4.4,2023-24
246,Robert Covington,PHI,29,16.8,4.4,1.5,3.4,43.9,0.7,1.9,33.9,0.8,0.9,84.6,1.1,2.3,3.3,0.8,1.3,0.6,0.4,8.1,2023-24
247,Keon Ellis,SAC,27,12.6,4.0,1.3,3.1,43.4,1.0,2.5,38.2,0.4,0.6,64.7,0.3,1.0,1.4,1.3,0.5,0.4,0.6,5.1,2023-24
248,Chris Duarte,SAC,34,13.5,3.8,1.3,3.7,36.0,0.6,2.0,31.3,0.5,0.7,75.0,0.4,1.5,1.9,0.9,0.5,0.1,0.6,4.1,2023-24
249,Ish Smith,CHA,30,16.9,3.7,1.8,3.8,46.1,0.1,0.2,33.3,0.1,0.1,100,0.3,1.4,1.7,3.2,0.3,0.1,1.3,5.6,2023-24
250,Tristan Thompson,CLE,32,11.8,3.6,1.6,2.4,67.1,0.0,0.0,0.0,0.4,1.3,32.5,1.7,2.0,3.7,1.0,0.2,0.3,0.6,6.6,2023-24
251,Jaylin Williams,OKC,31,11.7,3.5,1.2,3.1,38.1,0.7,2.0,34.9,0.5,0.5,93.3,0.4,2.7,3.2,1.4,0.4,0.2,0.4,6.3,2023-24
252,Davion Mitchell,SAC,31,12.1,3.5,1.3,3.6,36.6,0.5,1.8,24.6,0.4,0.5,73.3,0.1,0.8,0.9,1.7,0.2,0.1,0.5,3.4,2023-24
253,JT Thor,CHA,30,15.1,3.3,1.3,3.7,36.0,0.5,1.7,30.0,0.1,0.2,42.9,1.0,1.7,2.7,0.4,0.2,0.4,0.2,4.2,2023-24
254,Zeke Nnaji,DEN,34,9.6,3.2,1.2,2.5,47.6,0.1,0.4,33.3,0.7,1.1,64.1,1.1,1.1,2.2,0.5,0.2,0.6,0.6,4.4,2023-24
255,John Konchar,MEM,30,16.0,3.1,1.1,3.0,36.3,0.6,2.0,30.5,0.3,0.4,81.8,1.0,2.8,3.8,1.3,0.7,0.7,0.4,7.2,2023-24
256,Jaxson Hayes,LAL,32,10.3,3.0,1.3,1.9,67.2,0.0,0.1,0.0,0.5,0.9,53.6,0.5,1.3,1.8,0.3,0.2,0.4,0.6,4.2,2023-24
257,Andre Jackson Jr.,MIL,32,10.5,2.5,0.9,1.9,50.0,0.4,1.0,39.4,0.2,0.2,85.7,0.8,1.0,1.8,1.0,0.3,0.1,0.5,4.2,2023-24
258,Cody Zeller,NOP,28,9.0,2.1,0.7,1.8,38.8,0.0,0.1,33.3,0.7,1.2,60.6,1.2,1.6,2.8,1.1,0.1,0.1,0.4,4.4,2023-24
259,Kessler Edwards,SAC,28,4.9,1.6,0.6,1.5,41.5,0.3,0.9,36.0,0.1,0.1,75.0,0.2,0.6,0.8,0.3,0.1,0.1,0.0,1.9,2023-24
