Rk	First Name	Last Name	Pos	Age	Tm	G	GS	MP	FG	FGA	FG%	3P	3PA	3P%	2P	2PA	2P%	eFG%	FT	FTA	FT%	ORB	DRB	TRB	AST	STL	BLK	TOV	PF	PTS
1.0	Precious	Achiuwa	C-PF	24	TOT	31	0.0	16.5	2.8	6.1	0.458	0.5	1.7	0.269	2.4	4.5	0.529	0.495	0.8	1.4	0.568	2.0	3.2	5.2	1.5	0.6	0.5	1.1	1.6	6.9
2.0	Bam	Adebayo	C	26	MIA	27	27.0	34.4	8.0	15.7	0.513	0.0	0.3	0.143	8.0	15.4	0.519	0.514	6.0	7.6	0.782	2.2	8.1	10.4	4.0	1.1	1.0	2.5	2.4	22.1
3.0	Ochai	Agbaji	SG	23	UTA	39	10.0	20.3	2.4	5.3	0.444	1.1	3.1	0.339	1.3	2.2	0.593	0.543	0.3	0.4	0.733	0.8	1.7	2.5	1.0	0.6	0.5	0.7	1.5	6.1
4.0	Santi	Aldama	PF	23	MEM	29	5.0	23.2	3.9	9.0	0.438	1.6	4.6	0.341	2.4	4.4	0.539	0.525	1.0	1.6	0.609	1.3	4.2	5.5	1.7	0.7	0.7	1.1	1.6	10.4
5.0	Nickeil	Alexander-Walker	SG	25	MIN	37	12.0	22.4	2.4	5.7	0.417	1.4	3.8	0.362	1.0	1.9	0.529	0.538	0.4	0.6	0.696	0.5	1.3	1.8	2.4	0.9	0.6	0.9	1.9	6.6
6.0	Grayson	Allen	SG	28	PHO	33	33.0	33.3	4.5	9.1	0.495	2.5	5.5	0.462	2.0	3.6	0.546	0.635	1.6	1.8	0.9	0.8	3.4	4.2	2.8	0.9	0.6	1.4	2.2	13.2
7.0	Jarrett	Allen	C	25	CLE	32	32.0	30.3	6.0	9.1	0.666	0.0	0.0	0.0	6.0	9.0	0.668	0.666	2.7	3.6	0.748	3.5	6.5	10.0	3.0	0.9	1.0	1.7	2.6	14.8
8.0	Jose	Alvarado	PG	25	NOP	22	0.0	17.0	2.5	6.0	0.409	1.3	3.3	0.384	1.2	2.7	0.441	0.515	0.7	1.1	0.6	0.5	1.9	2.4	1.9	1.0	0.5	0.9	1.5	6.9
9.0	Kyle	Anderson	PF	30	MIN	37	2.0	23.1	2.6	5.6	0.469	0.1	0.7	0.12	2.5	4.9	0.516	0.476	1.4	2.1	0.697	0.7	3.0	3.7	3.9	0.8	0.7	1.5	1.5	6.8
10.0	Giannis	Antetokounmpo	PF	29	MIL	37	37.0	34.9	11.6	19.1	0.61	0.4	1.7	0.238	11.2	17.4	0.646	0.621	7.6	11.2	0.677	2.7	8.8	11.5	5.9	1.3	1.2	3.6	2.9	31.2
12.0	Cole	Anthony	PG	23	ORL	36	0.0	24.8	4.7	10.7	0.44	1.3	3.8	0.346	3.4	6.9	0.492	0.501	3.2	3.8	0.847	1.1	3.3	4.4	3.4	0.7	0.4	1.8	2.8	13.9
13.0	OG	Anunoby	SF	26	TOT	33	33.0	33.5	5.7	11.6	0.495	2.2	5.8	0.377	3.5	5.8	0.613	0.589	1.2	1.6	0.736	1.1	3.1	4.2	2.4	1.1	0.5	1.5	2.4	14.8
15.0	Deni	Avdija	SF	23	WAS	37	37.0	27.1	4.5	9.1	0.499	1.0	2.7	0.356	3.6	6.4	0.559	0.552	2.0	2.7	0.75	1.1	4.9	5.9	3.8	1.0	0.3	1.7	2.4	12.1
19.0	Marvin	Bagley	III	C	24	DET	25.0	10.0	18.6	4.1	7.0	0.589	0.0	0.2	0.167	4.1	6.8	0.604	0.591	1.9	2.3	0.825	1.8	2.8	4.6	1.0	0.2	0.6	1.2	1.5
20.0	Amari	Bailey	PG	19	CHO	2	0.0	5.5	1.0	3.0	0.333	0.0	1.0	0.0	1.0	2.0	0.5	0.333	0.5	1.0	0.5	1.0	0.0	1.0	0.0	0.0	0.0	0.5	0.0	2.5
21.0	Patrick	Baldwin	Jr.	SF	21	WAS	9.0	0.0	5.8	0.6	1.8	0.313	0.3	0.8	0.429	0.2	1.0	0.222	0.406	0.4	0.4	1.0	0.2	1.0	1.2	0.3	0.0	0.1	0.1	0.6
22.0	LaMelo	Ball	PG	22	CHO	15	15.0	33.4	8.8	19.9	0.443	3.5	8.9	0.388	5.3	10.9	0.488	0.53	3.6	4.2	0.857	1.5	3.9	5.5	8.2	1.4	0.3	3.9	3.5	24.7
23.0	Mo	Bamba	C	25	PHI	23	0.0	8.4	1.5	2.8	0.538	0.3	0.7	0.5	1.2	2.1	0.551	0.6	0.6	0.8	0.684	1.3	1.7	3.0	0.6	0.4	0.7	0.6	1.2	4.0
24.0	Paolo	Banchero	PF	21	ORL	37	37.0	35.0	8.1	17.7	0.458	1.5	4.0	0.381	6.6	13.7	0.48	0.501	5.2	7.4	0.703	1.2	5.9	7.1	4.8	1.1	0.6	3.3	2.2	22.9
25.0	Desmond	Bane	SG	25	MEM	36	36.0	34.9	9.1	19.0	0.477	3.3	8.7	0.382	5.8	10.3	0.558	0.565	3.2	3.7	0.865	0.9	3.7	4.7	5.4	1.0	0.6	2.8	2.9	24.7
26.0	Dalano	Banton	PG	24	BOS	19	1.0	7.4	0.9	2.1	0.45	0.1	0.6	0.182	0.8	1.5	0.552	0.475	0.7	0.8	0.813	0.6	1.1	1.6	0.6	0.2	0.2	0.5	1.0	2.7
27.0	Dominick	Barlow	PF	20	SAS	14	0.0	10.5	1.4	3.1	0.465	0.1	0.3	0.25	1.4	2.8	0.487	0.477	0.4	0.6	0.667	0.9	1.8	2.6	0.9	0.4	0.4	0.2	1.4	3.4
28.0	Harrison	Barnes	PF	31	SAC	37	37.0	29.3	3.7	7.7	0.477	1.8	4.3	0.413	1.9	3.4	0.56	0.593	1.8	2.3	0.798	0.9	2.0	2.9	1.3	0.7	0.2	0.7	1.3	10.9
29.0	Scottie	Barnes	SG	22	TOR	38	38.0	35.1	7.7	16.0	0.481	2.2	5.7	0.38	5.5	10.3	0.537	0.549	2.9	3.8	0.766	2.3	6.2	8.6	5.7	1.4	1.4	2.4	2.1	20.4
30.0	RJ	Barrett	SG	23	TOT	32	32.0	30.1	6.6	14.7	0.452	1.8	4.9	0.367	4.8	9.7	0.495	0.514	3.8	4.7	0.82	0.8	4.0	4.8	2.6	0.5	0.3	1.9	2.1	18.9
31.0	Charles	Bassey	C	23	SAS	19	0.0	10.8	1.5	2.1	0.725	0.0	0.1	0.0	1.5	2.1	0.744	0.725	0.3	0.3	0.833	1.2	2.8	4.0	1.1	0.4	0.9	0.8	1.6	3.3
32.0	Emoni	Bates	SF	20	CLE	10	0.0	7.6	0.6	2.5	0.24	0.5	2.0	0.25	0.1	0.5	0.2	0.34	0.1	0.2	0.5	0.1	0.9	1.0	0.6	0.1	0.2	0.1	0.5	1.8
33.0	Keita	Bates-Diop	SF	28	PHO	28	8.0	16.6	1.6	4.3	0.383	0.5	1.8	0.275	1.1	2.5	0.464	0.442	0.9	1.2	0.735	0.8	2.0	2.8	0.9	0.6	0.5	0.2	1.0	4.7
34.0	Nicolas	Batum	PF	35	TOT	25	18.0	24.2	1.9	3.8	0.5	1.2	2.9	0.431	0.7	1.0	0.708	0.661	0.4	0.6	0.643	1.0	2.7	3.6	2.2	0.6	0.8	0.6	1.9	5.4
35.0	Bradley	Beal	SG	30	PHO	14	14.0	30.9	6.9	13.7	0.5	1.5	3.8	0.396	5.4	9.9	0.54	0.555	2.6	3.4	0.787	0.8	3.2	4.0	3.8	0.7	0.4	2.3	2.5	17.9
36.0	Malik	Beasley	SG	27	MIL	36	36.0	29.0	4.2	8.6	0.492	3.0	6.2	0.478	1.3	2.4	0.529	0.665	0.2	0.3	0.667	0.6	3.4	4.1	1.3	0.7	0.1	0.6	1.9	11.6
37.0	MarJon	Beauchamp	SF	23	MIL	33	1.0	15.5	1.9	4.0	0.485	0.8	1.9	0.403	1.2	2.1	0.557	0.58	0.4	0.6	0.6	0.6	1.9	2.5	0.8	0.3	0.2	0.7	1.4	5.0
39.0	Dāvis	Bertāns	PF	31	OKC	12	0.0	6.9	0.8	2.0	0.375	0.8	1.8	0.409	0.0	0.2	0.0	0.563	1.2	1.3	0.933	0.2	0.7	0.8	0.7	0.2	0.2	0.1	0.8	3.4
40.0	Patrick	Beverley	PG	35	PHI	35	1.0	17.5	1.8	4.1	0.441	0.7	2.1	0.319	1.2	2.1	0.562	0.521	0.9	1.1	0.775	0.7	2.1	2.8	2.3	0.5	0.3	0.7	1.7	5.2
41.0	Saddiq	Bey	SF	24	ATL	36	24.0	32.6	4.6	10.5	0.438	1.8	5.5	0.335	2.8	5.0	0.55	0.525	1.9	2.4	0.8	2.4	4.3	6.7	1.4	1.0	0.2	1.1	1.6	12.9
42.0	Goga	Bitadze	C	24	ORL	33	26.0	20.9	2.9	4.8	0.614	0.1	0.2	0.286	2.9	4.6	0.629	0.62	1.4	1.9	0.703	2.5	3.8	6.3	1.7	0.7	1.7	0.8	2.4	7.3
45.0	Anthony	Black	PG	20	ORL	35	28.0	20.0	1.9	4.0	0.489	0.5	1.5	0.353	1.4	2.5	0.568	0.554	0.6	1.0	0.629	0.6	1.9	2.5	1.8	0.7	0.4	1.1	2.1	5.0
47.0	Bogdan	Bogdanović	SG	31	ATL	34	2.0	28.3	6.3	14.6	0.432	3.3	8.9	0.369	3.0	5.7	0.531	0.544	1.7	1.9	0.894	0.5	2.7	3.2	2.7	1.4	0.2	1.0	2.5	17.6
48.0	Bojan	Bogdanović	PF	34	DET	19	18.0	33.7	7.2	15.3	0.467	3.0	7.4	0.407	4.2	7.9	0.523	0.565	2.5	3.3	0.746	0.7	3.1	3.7	2.7	1.1	0.1	2.4	2.2	19.8
49.0	Bol	Bol	PF	24	PHO	12	0.0	7.2	1.4	1.9	0.739	0.3	0.4	0.6	1.2	1.5	0.778	0.804	0.3	0.4	0.8	0.8	1.5	2.3	0.5	0.3	0.5	0.5	0.8	3.4
51.0	Devin	Booker	PG	27	PHO	29	29.0	35.8	9.0	18.8	0.48	2.1	5.5	0.377	7.0	13.3	0.522	0.535	6.2	7.0	0.886	0.8	4.1	4.8	7.7	0.9	0.4	3.0	3.3	26.3
52.0	Brandon	Boston	Jr.	SF	22	LAC	7.0	0.0	7.9	1.9	4.1	0.448	0.6	1.9	0.308	1.3	2.3	0.563	0.517	0.9	0.9	1.0	0.4	0.7	1.1	0.6	0.1	0.0	0.4	1.1
53.0	Chris	Boucher	PF	31	TOR	35	0.0	14.2	2.2	4.5	0.487	0.7	1.9	0.358	1.5	2.5	0.584	0.564	1.3	1.8	0.742	1.1	2.9	4.0	0.4	0.4	0.5	0.5	1.5	6.3
56.0	Malaki	Branham	PG	20	SAS	35	21.0	22.1	3.5	8.3	0.429	1.0	3.2	0.31	2.5	5.0	0.506	0.49	0.6	0.7	0.913	0.3	1.8	2.1	2.5	0.4	0.1	1.3	1.4	8.7
57.0	Christian	Braun	SG	22	DEN	39	0.0	19.7	3.0	6.4	0.466	0.7	1.9	0.384	2.3	4.5	0.5	0.522	1.3	1.8	0.732	0.7	2.8	3.5	1.7	0.4	0.4	0.7	1.6	8.0
58.0	Mikal	Bridges	SF	27	BRK	38	38.0	34.5	7.4	16.5	0.45	2.0	5.8	0.35	5.4	10.7	0.505	0.512	4.4	5.2	0.844	0.9	4.3	5.3	3.6	0.8	0.4	2.4	1.6	21.3
59.0	Miles	Bridges	SF	25	CHO	24	22.0	36.8	7.9	17.0	0.464	2.3	6.4	0.351	5.6	10.5	0.534	0.531	2.7	3.2	0.844	0.9	6.2	7.0	3.2	1.2	0.5	2.0	2.1	20.7
60.0	Oshae	Brissett	SF	25	BOS	22	0.0	12.1	1.3	2.9	0.438	0.4	1.3	0.286	0.9	1.6	0.556	0.5	1.0	1.5	0.656	1.2	1.9	3.0	0.5	0.5	0.0	0.2	1.1	3.9
61.0	Malcolm	Brogdon	PG	31	POR	29	16.0	26.8	5.4	12.4	0.435	2.1	5.2	0.413	3.2	7.2	0.45	0.521	2.0	2.6	0.776	0.7	2.7	3.4	5.2	0.7	0.1	1.4	1.2	14.9
62.0	Armoni	Brooks	PG	25	BRK	10	0.0	10.4	1.5	4.6	0.326	1.1	3.2	0.344	0.4	1.4	0.286	0.446	0.1	0.2	0.5	0.7	1.1	1.8	0.5	0.1	0.1	0.3	0.3	4.2
63.0	Dillon	Brooks	SF	28	HOU	28	28.0	30.9	5.0	10.6	0.476	1.9	4.6	0.408	3.1	5.9	0.53	0.566	1.6	1.9	0.833	0.7	2.8	3.5	1.7	0.9	0.0	1.8	3.8	13.6
64.0	Bruce	Brown	SG	27	IND	31	31.0	29.9	4.4	9.3	0.471	1.0	3.1	0.313	3.4	6.2	0.549	0.522	2.1	2.5	0.835	0.6	4.0	4.6	2.9	1.0	0.3	1.2	2.5	11.9
65.0	Charlie	Brown	Jr.	SG	26	NYK	3.0	0.0	1.7	0.3	1.3	0.25	0.3	1.0	0.333	0.0	0.3	0.0	0.375	0.0	0.0	0.0	0.0	0.0	0.0	0.0	0.0	0.7	0.0	1.0
66.0	Greg	Brown	III	PF	22	DAL	6.0	0.0	6.7	0.8	1.8	0.455	0.2	0.5	0.333	0.7	1.3	0.5	0.5	0.7	1.5	0.444	0.5	1.0	1.5	0.7	0.0	0.7	0.7	0.8
67.0	Jaylen	Brown	SF	27	BOS	36	36.0	33.7	8.9	18.1	0.491	2.1	6.0	0.358	6.8	12.1	0.556	0.55	3.2	4.3	0.744	0.9	4.2	5.2	3.5	1.0	0.6	2.6	2.6	23.1
69.0	Kobe	Brown	PF	24	LAC	24	0.0	10.3	0.9	2.3	0.4	0.5	1.5	0.306	0.5	0.8	0.579	0.5	0.0	0.1	0.5	0.3	1.2	1.5	0.6	0.3	0.1	0.2	1.5	2.3
71.0	Troy	Brown	Jr.	SF	24	MIN	32.0	3.0	12.0	1.5	3.4	0.444	0.9	2.4	0.368	0.6	1.0	0.625	0.574	0.6	0.7	0.864	0.4	1.7	2.1	0.9	0.3	0.1	0.5	0.7
72.0	Jalen	Brunson	PG	27	NYK	38	38.0	35.7	9.1	19.3	0.469	2.8	6.6	0.424	6.3	12.7	0.492	0.541	4.9	5.8	0.833	0.6	3.2	3.8	6.4	1.0	0.2	2.3	2.1	25.8
73.0	Thomas	Bryant	C	26	MIA	20	3.0	11.4	2.0	3.6	0.556	0.0	0.2	0.0	2.0	3.5	0.58	0.556	0.9	1.0	0.85	1.1	2.5	3.6	0.6	0.3	0.3	0.8	1.2	4.9
74.0	Kobe	Bufkin	SG	20	ATL	2	0.0	2.0	0.0	1.5	0.0	0.0	0.5	0.0	0.0	1.0	0.0	0.0	0.5	1.0	0.5	0.5	0.5	1.0	0.0	0.0	0.0	0.0	0.0	0.5
75.0	Reggie	Bullock	SF	32	HOU	15	0.0	8.6	0.8	2.1	0.387	0.5	1.5	0.364	0.3	0.6	0.444	0.516	0.1	0.1	1.0	0.1	1.0	1.1	0.5	0.1	0.1	0.2	0.5	2.2
76.0	Alec	Burks	SG	32	DET	31	0.0	19.2	3.3	8.8	0.376	1.9	5.2	0.37	1.4	3.6	0.384	0.485	2.6	3.0	0.882	0.5	1.9	2.3	1.4	0.4	0.2	0.7	1.4	11.2
77.0	Jared	Butler	SG	23	WAS	17	0.0	7.5	1.6	2.9	0.56	0.6	1.4	0.417	1.1	1.5	0.692	0.66	0.7	0.9	0.8	0.0	0.6	0.6	1.8	0.5	0.1	0.6	0.8	4.6
78.0	Jimmy	Butler	PF	34	MIA	24	24.0	33.6	6.5	14.0	0.464	0.8	2.2	0.377	5.7	11.8	0.481	0.494	7.1	8.0	0.881	1.9	3.2	5.0	4.5	1.0	0.4	1.8	1.2	20.9
79.0	Jamal	Cain	PF	24	MIA	14	1.0	14.9	2.1	4.7	0.439	0.6	1.8	0.32	1.5	2.9	0.512	0.5	1.0	1.4	0.737	0.9	1.2	2.1	0.2	0.6	0.3	0.3	1.1	5.7
80.0	Kentavious	Caldwell-Pope	SG	30	DEN	37	37.0	32.1	3.6	7.8	0.46	1.5	3.6	0.403	2.1	4.1	0.51	0.554	1.5	1.7	0.903	0.5	1.7	2.2	2.6	1.5	0.6	1.1	1.9	10.1
81.0	Toumani	Camara	PF	23	POR	36	27.0	25.2	2.6	6.5	0.403	0.9	3.0	0.29	1.8	3.5	0.5	0.47	0.9	1.4	0.667	2.0	3.0	5.0	1.0	1.1	0.6	1.2	2.8	7.0
83.0	Jevon	Carter	PG	28	CHI	38	0.0	14.4	2.0	5.5	0.359	1.2	3.5	0.336	0.8	2.0	0.4	0.467	0.1	0.1	0.6	0.1	0.6	0.7	1.2	0.6	0.3	0.5	1.2	5.2
84.0	Wendell	Carter	Jr.	C	24	ORL	13.0	10.0	24.4	2.8	6.7	0.425	1.0	2.5	0.406	1.8	4.2	0.436	0.5	1.4	2.0	0.692	1.5	4.8	6.4	1.8	0.3	0.5	1.2	2.2
85.0	Alex	Caruso	SG	29	CHI	32	20.0	24.9	3.5	7.1	0.493	1.6	4.0	0.409	1.9	3.1	0.6	0.608	1.3	1.7	0.759	1.1	2.4	3.5	2.5	1.3	0.8	1.3	2.4	9.9
88.0	Julian	Champagnie	SF	22	SAS	29	14.0	14.7	1.7	4.3	0.392	1.2	3.2	0.383	0.4	1.1	0.419	0.536	0.7	0.9	0.84	0.3	1.6	1.9	0.9	0.6	0.6	0.7	1.1	5.3
89.0	Max	Christie	SG	20	LAL	29	6.0	17.9	2.0	4.8	0.41	0.7	2.3	0.313	1.2	2.5	0.5	0.486	0.7	0.9	0.769	0.3	2.8	3.1	1.1	0.4	0.3	0.8	1.3	5.3
90.0	Sidy	Cissoko	SF	19	SAS	5	0.0	6.4	0.2	1.2	0.167	0.0	0.8	0.0	0.2	0.4	0.5	0.167	0.8	0.8	1.0	0.0	1.2	1.2	0.0	0.6	0.0	0.2	0.4	1.2
91.0	Jordan	Clarkson	SG	31	UTA	29	19.0	30.0	6.3	15.1	0.418	1.7	5.6	0.302	4.6	9.5	0.486	0.474	3.4	3.9	0.875	1.1	2.6	3.7	5.3	0.7	0.1	3.1	1.4	17.7
92.0	Nic	Claxton	C	24	BRK	28	28.0	28.3	5.3	8.2	0.642	0.0	0.0	1.0	5.2	8.1	0.64	0.644	1.7	2.8	0.595	3.2	6.7	9.9	1.8	0.5	2.3	1.2	2.5	12.2
93.0	Noah	Clowney	PF	19	BRK	2	0.0	13.5	3.0	4.5	0.667	0.0	0.5	0.0	3.0	4.0	0.75	0.667	1.0	1.0	1.0	1.5	1.0	2.5	1.0	0.0	0.0	0.5	1.5	7.0
94.0	Amir	Coffey	SF	26	LAC	25	6.0	15.2	1.5	3.0	0.5	0.5	1.6	0.325	1.0	1.4	0.694	0.586	0.5	0.6	0.867	0.4	1.2	1.6	0.7	0.2	0.0	0.4	1.1	4.1
95.0	John	Collins	PF	26	UTA	35	33.0	28.3	5.4	10.9	0.496	1.4	3.7	0.377	4.0	7.2	0.558	0.56	1.8	2.4	0.759	2.0	5.6	7.6	0.9	0.6	0.8	1.5	2.6	14.0
96.0	Zach	Collins	C	26	SAS	31	23.0	26.1	4.9	10.0	0.495	1.1	3.5	0.312	3.8	6.5	0.595	0.55	2.0	2.5	0.792	1.9	4.1	6.0	3.3	0.6	0.8	2.3	3.4	12.9
97.0	Mike	Conley	PG	36	MIN	36	36.0	29.3	3.8	8.2	0.458	2.4	5.2	0.455	1.4	3.0	0.463	0.602	1.3	1.4	0.941	0.3	2.4	2.7	6.3	1.0	0.1	1.1	1.7	11.2
98.0	Pat	Connaughton	SF	31	MIL	32	0.0	21.9	1.9	4.5	0.428	1.2	3.3	0.356	0.8	1.3	0.61	0.555	0.4	0.5	0.706	0.8	2.7	3.5	1.8	0.4	0.2	0.6	1.2	5.4
99.0	Bilal	Coulibaly	SF	19	WAS	36	1.0	26.5	3.1	6.4	0.478	1.1	2.7	0.392	2.0	3.7	0.541	0.561	1.1	1.8	0.641	0.8	3.4	4.3	1.8	0.9	0.8	1.4	2.1	8.3
101.0	Robert	Covington	SF-PF	33	TOT	29	6.0	16.8	1.5	3.4	0.439	0.7	1.9	0.339	0.8	1.4	0.571	0.536	0.8	0.9	0.846	1.1	2.3	3.3	0.8	1.3	0.6	0.4	1.9	4.4
102.0	Torrey	Craig	SF	33	CHI	27	7.0	21.2	2.2	5.1	0.424	1.1	2.8	0.382	1.1	2.3	0.476	0.529	0.7	0.9	0.783	1.9	3.0	4.8	1.0	0.6	0.4	0.6	2.5	6.1
103.0	Jae	Crowder	PF	33	MIL	9	2.0	26.7	2.8	5.2	0.532	1.8	3.4	0.516	1.0	1.8	0.563	0.702	0.8	1.3	0.583	0.4	3.4	3.9	1.7	0.8	0.3	0.4	1.6	8.1
104.0	Cade	Cunningham	PG	22	DET	36	36.0	34.5	8.5	19.0	0.449	1.9	5.6	0.335	6.7	13.4	0.496	0.498	3.9	4.5	0.87	0.4	3.6	4.1	7.3	1.0	0.3	3.8	2.8	22.8
105.0	Seth	Curry	SG	33	DAL	30	3.0	13.3	1.6	4.2	0.376	0.9	2.3	0.386	0.7	1.8	0.364	0.484	0.5	0.5	0.875	0.4	1.1	1.6	0.9	0.5	0.1	0.5	0.9	4.5
106.0	Stephen	Curry	PG	35	GSW	35	35.0	33.2	8.4	18.8	0.447	4.5	11.3	0.398	3.9	7.5	0.521	0.567	5.4	5.9	0.922	0.5	3.7	4.2	4.7	0.8	0.4	3.1	1.8	26.7
107.0	Dyson	Daniels	PG	20	NOP	38	13.0	22.7	2.3	5.4	0.434	0.7	2.4	0.297	1.6	3.0	0.544	0.5	0.8	1.2	0.659	0.9	2.9	3.8	2.7	1.4	0.3	0.9	1.7	6.2
108.0	Anthony	Davis	C	30	LAL	37	37.0	36.1	9.6	17.1	0.562	0.4	1.1	0.341	9.2	16.0	0.577	0.573	5.8	7.1	0.81	3.1	8.9	12.0	3.3	1.2	2.5	2.2	2.7	25.3
109.0	Johnny	Davis	SG	21	WAS	18	0.0	8.3	1.2	2.7	0.438	0.1	0.2	0.333	1.1	2.5	0.444	0.448	0.2	0.3	0.8	0.5	0.6	1.1	0.3	0.4	0.1	0.3	0.6	2.6
111.0	Dexter	Dennis	SG	24	DAL	4	0.0	7.5	2.5	4.8	0.526	0.3	2.0	0.125	2.3	2.8	0.818	0.553	0.3	0.8	0.333	0.3	2.0	2.3	1.0	0.0	0.3	0.8	0.3	5.5
112.0	DeMar	DeRozan	SF	34	CHI	37	37.0	36.9	7.6	16.6	0.458	1.0	2.8	0.353	6.6	13.8	0.479	0.488	5.8	6.9	0.847	0.6	3.2	3.8	5.4	1.1	0.7	1.5	2.2	22.0
115.0	Gradey	Dick	SG	20	TOR	19	1.0	12.4	1.1	3.6	0.294	0.6	2.3	0.25	0.5	1.3	0.375	0.375	0.8	0.8	1.0	0.4	0.8	1.2	0.8	0.3	0.0	0.6	1.3	3.5
116.0	Ousmane	Dieng	PF	20	OKC	19	0.0	11.8	1.6	3.7	0.443	0.8	2.4	0.333	0.8	1.3	0.64	0.55	0.5	0.6	0.833	0.4	1.5	1.8	1.0	0.1	0.0	0.4	0.7	4.6
117.0	Spencer	Dinwiddie	PG	30	BRK	36	36.0	30.9	4.3	11.1	0.39	1.9	6.1	0.315	2.4	5.0	0.481	0.476	2.9	3.7	0.774	0.6	3.1	3.8	6.3	0.8	0.2	1.5	1.7	13.4
118.0	Donte	DiVincenzo	SG	27	NYK	38	20.0	21.6	3.8	8.1	0.471	2.6	5.9	0.442	1.2	2.2	0.548	0.631	0.8	1.0	0.763	0.7	2.3	3.1	2.0	1.1	0.3	1.1	1.9	11.0
119.0	Luka	Dončić	PG	24	DAL	34	34.0	36.8	11.4	23.5	0.485	4.0	10.4	0.38	7.4	13.1	0.569	0.569	6.8	8.7	0.778	0.7	7.4	8.1	9.1	1.4	0.6	3.9	1.7	33.6
120.0	Luguentz	Dort	SF	24	OKC	36	36.0	28.4	3.7	8.1	0.459	1.8	4.4	0.418	1.9	3.7	0.507	0.572	1.8	2.3	0.815	1.2	2.7	3.9	1.4	0.9	0.8	0.9	3.1	11.1
121.0	Ayo	Dosunmu	SG	24	CHI	37	6.0	22.9	3.1	6.8	0.458	1.0	2.9	0.34	2.2	4.0	0.544	0.53	0.8	1.0	0.763	0.7	1.8	2.5	2.0	0.7	0.4	0.8	1.8	8.0
122.0	Andre	Drummond	C	30	CHI	39	7.0	16.0	3.1	5.7	0.536	0.0	0.1	0.0	3.1	5.6	0.541	0.536	1.5	2.6	0.559	3.4	5.1	8.5	0.5	1.2	0.6	1.2	1.8	7.6
123.0	Chris	Duarte	SF	26	SAC	33	10.0	13.6	1.4	3.7	0.366	0.6	2.0	0.318	0.7	1.7	0.421	0.451	0.5	0.7	0.773	0.4	1.5	1.8	1.0	0.5	0.1	0.6	1.8	3.9
124.0	Kris	Dunn	PG	29	UTA	31	13.0	17.3	2.0	4.5	0.453	0.5	1.4	0.372	1.5	3.1	0.49	0.511	0.4	0.5	0.688	0.6	2.3	2.9	4.1	0.9	0.4	1.2	1.7	4.9
125.0	Kevin	Durant	PF	35	PHO	31	31.0	36.8	10.3	19.5	0.526	2.1	4.5	0.471	8.1	15.0	0.543	0.581	6.6	7.5	0.876	0.4	5.9	6.4	5.8	0.9	1.1	3.2	1.7	29.3
126.0	Jalen	Duren	C	20	DET	23	22.0	29.9	6.1	9.5	0.647	0.0	0.1	0.0	6.1	9.4	0.653	0.647	1.7	2.3	0.704	3.5	7.9	11.4	2.5	0.4	1.0	2.1	3.2	13.9
127.0	Tari	Eason	PF	22	HOU	22	0.0	21.8	4.0	8.6	0.466	0.8	2.3	0.36	3.2	6.3	0.504	0.513	1.0	1.5	0.636	2.1	4.9	7.0	1.2	1.4	0.9	0.9	2.3	9.8
128.0	Anthony	Edwards	SG	22	MIN	34	34.0	34.8	9.1	19.7	0.46	2.6	6.6	0.388	6.5	13.1	0.496	0.525	5.6	6.6	0.845	0.7	4.6	5.4	4.9	1.3	0.6	3.5	1.9	26.3
129.0	Kessler	Edwards	SF	23	SAC	27	0.0	4.9	0.6	1.4	0.421	0.3	0.9	0.375	0.3	0.5	0.5	0.539	0.1	0.1	0.75	0.1	0.6	0.7	0.3	0.1	0.1	0.0	0.3	1.6
130.0	Keon	Ellis	SG	24	SAC	26	3.0	12.7	1.3	3.1	0.438	1.0	2.5	0.379	0.4	0.5	0.714	0.594	0.4	0.7	0.647	0.3	1.0	1.3	1.3	0.5	0.5	0.5	1.5	4.1
131.0	Joel	Embiid	C	29	PHI	27	27.0	34.1	11.6	21.7	0.535	1.1	3.2	0.36	10.5	18.6	0.565	0.561	10.2	11.6	0.882	2.7	9.1	11.8	6.0	1.1	2.0	3.9	2.9	34.6
132.0	Drew	Eubanks	C	26	PHO	33	2.0	16.3	2.3	3.9	0.585	0.1	0.1	1.0	2.2	3.8	0.575	0.596	1.2	1.5	0.76	1.4	2.8	4.3	0.9	0.3	0.9	1.1	1.8	5.8
133.0	Dante	Exum	PG	28	DAL	30	14.0	19.5	3.7	6.4	0.575	0.9	2.1	0.452	2.8	4.4	0.634	0.648	1.0	1.3	0.75	0.6	2.3	2.9	2.9	0.6	0.2	0.9	1.6	9.3
134.0	Bruno	Fernando	C	25	ATL	10	0.0	7.2	1.3	2.4	0.542	0.0	0.1	0.0	1.3	2.3	0.565	0.542	0.8	1.7	0.471	0.7	1.5	2.2	0.3	0.2	0.5	0.6	1.2	3.4
135.0	Dorian	Finney-Smith	PF	30	BRK	35	24.0	28.4	3.5	8.2	0.431	2.3	5.5	0.409	1.3	2.7	0.474	0.568	0.2	0.3	0.8	1.9	2.9	4.7	1.3	0.7	0.5	0.8	2.3	9.6
136.0	Malachi	Flynn	PG	25	TOT	34	0.0	14.1	1.6	4.1	0.403	0.8	2.4	0.346	0.8	1.7	0.483	0.504	0.6	0.7	0.792	0.4	1.6	1.9	2.1	0.5	0.2	1.0	1.2	4.7
137.0	Simone	Fontecchio	SF	28	UTA	37	21.0	22.5	3.2	7.1	0.449	1.8	4.6	0.39	1.4	2.5	0.56	0.576	0.7	0.9	0.771	0.9	2.3	3.2	1.3	0.6	0.4	1.1	1.7	8.9
138.0	Jordan	Ford	PG	25	SAC	6	0.0	3.7	0.7	1.2	0.571	0.3	0.5	0.667	0.3	0.7	0.5	0.714	0.3	0.3	1.0	0.0	0.3	0.3	0.3	0.0	0.0	0.2	0.0	2.0
139.0	Trent	Forrest	SG	25	ATL	11	0.0	10.2	0.9	2.3	0.4	0.0	0.3	0.0	0.9	2.0	0.455	0.4	0.5	0.5	1.0	0.4	1.2	1.5	1.7	0.3	0.1	0.5	1.0	2.4
140.0	Evan	Fournier	SG	31	NYK	2	0.0	16.5	2.0	8.0	0.25	1.0	6.0	0.167	1.0	2.0	0.5	0.313	1.0	1.0	1.0	0.0	1.5	1.5	1.5	2.0	0.0	0.5	1.0	6.0
141.0	De'Aaron	Fox	PG	26	SAC	31	31.0	35.2	10.0	21.1	0.472	3.3	8.3	0.393	6.7	12.8	0.524	0.55	4.7	6.6	0.717	0.9	3.3	4.2	5.8	1.6	0.4	2.6	2.5	27.9
142.0	Alex	Fudge	SF	20	LAL	4	0.0	3.5	0.3	1.5	0.167	0.0	0.5	0.0	0.3	1.0	0.25	0.167	0.5	0.5	1.0	0.5	0.0	0.5	0.0	0.0	0.0	0.3	0.3	1.0
143.0	Markelle	Fultz	PG	25	ORL	7	5.0	24.4	4.1	9.3	0.446	0.0	0.4	0.0	4.1	8.9	0.468	0.446	0.4	1.1	0.375	1.3	1.9	3.1	3.7	1.0	0.3	1.0	0.9	8.7
145.0	Danilo	Gallinari	PF	35	WAS	26	0.0	14.8	2.2	5.0	0.435	0.8	2.5	0.313	1.4	2.6	0.552	0.511	1.8	2.2	0.839	0.5	2.5	2.9	1.2	0.2	0.1	0.5	1.0	7.0
146.0	Darius	Garland	PG	24	CLE	20	20.0	34.0	7.6	16.1	0.47	1.8	5.2	0.346	5.8	10.9	0.53	0.526	3.8	4.6	0.835	0.6	2.2	2.8	5.9	1.6	0.2	3.8	1.6	20.7
148.0	Luka	Garza	C	25	MIN	7	0.0	3.1	0.7	2.3	0.313	0.0	0.7	0.0	0.7	1.6	0.455	0.313	0.7	1.1	0.625	0.6	0.6	1.1	0.3	0.0	0.0	0.3	1.0	2.1
150.0	Keyonte	George	PG	20	UTA	33	16.0	25.0	3.5	9.4	0.369	1.7	5.2	0.331	1.7	4.2	0.416	0.461	2.2	2.8	0.787	0.4	2.6	3.0	4.5	0.5	0.1	2.1	1.1	10.9
151.0	Paul	George	PF	33	LAC	35	35.0	34.6	8.2	17.7	0.463	3.5	8.4	0.414	4.7	9.3	0.508	0.561	3.5	3.8	0.918	0.7	4.9	5.6	3.8	1.6	0.4	2.1	3.0	23.4
153.0	Josh	Giddey	SG	21	OKC	36	36.0	25.0	4.9	10.7	0.464	1.0	2.6	0.372	4.0	8.1	0.493	0.509	1.1	1.4	0.816	1.4	4.8	6.1	4.7	0.8	0.5	2.4	1.3	12.0
154.0	Harry	Giles	C	25	BRK	11	0.0	5.6	1.6	3.2	0.514	0.1	0.6	0.143	1.5	2.5	0.607	0.529	0.5	1.0	0.545	0.8	0.8	1.6	0.3	0.1	0.3	0.3	0.8	3.9
155.0	Shai	Gilgeous-Alexander	PG	25	OKC	36	36.0	34.4	11.3	20.3	0.555	1.2	3.5	0.352	10.1	16.8	0.597	0.585	7.6	8.6	0.89	0.8	5.1	5.9	6.3	2.3	0.8	2.0	2.6	31.4
156.0	Anthony	Gill	PF	31	WAS	23	0.0	6.3	0.9	1.9	0.488	0.0	0.4	0.1	0.9	1.4	0.606	0.5	0.5	0.7	0.75	0.5	0.9	1.4	0.4	0.1	0.3	0.4	0.5	2.4
157.0	Collin	Gillespie	PG	24	DEN	13	0.0	7.3	0.8	1.8	0.435	0.3	1.0	0.308	0.5	0.8	0.6	0.522	0.3	0.4	0.8	0.1	0.3	0.4	0.7	0.4	0.0	0.4	0.8	2.2
158.0	Jacob	Gilyard	PG	25	MEM	20	8.0	15.6	1.3	3.1	0.426	1.2	2.6	0.442	0.2	0.5	0.333	0.615	0.1	0.1	1.0	0.3	0.7	1.0	3.0	0.6	0.1	0.7	1.0	3.8
159.0	Rudy	Gobert	C	31	MIN	36	36.0	32.5	4.9	7.8	0.626	0.0	0.0	0.0	4.9	7.8	0.629	0.626	3.0	4.8	0.626	3.4	8.6	12.0	1.2	0.8	2.1	1.7	2.8	12.8
160.0	Jordan	Goodwin	PG	25	PHO	34	0.0	15.8	2.0	5.3	0.37	0.7	2.3	0.291	1.3	3.0	0.431	0.434	0.7	0.8	0.852	1.1	2.3	3.4	2.2	0.6	0.2	0.8	1.2	5.3
161.0	Aaron	Gordon	PF	28	DEN	33	33.0	31.5	5.5	10.2	0.546	0.6	1.9	0.317	4.9	8.2	0.599	0.576	2.1	3.3	0.636	2.8	3.8	6.6	3.2	0.9	0.6	1.3	1.7	13.8
162.0	Eric	Gordon	SG	35	PHO	32	19.0	31.0	4.9	10.8	0.454	2.6	6.7	0.393	2.3	4.1	0.553	0.575	0.8	1.1	0.765	0.3	1.8	2.1	2.3	0.9	0.5	1.3	1.4	13.3
163.0	Devonte'	Graham	PG	28	SAS	7	0.0	9.7	1.0	2.7	0.368	0.6	1.7	0.333	0.4	1.0	0.429	0.474	0.9	1.1	0.75	0.3	1.1	1.4	2.4	0.3	0.1	0.4	0.4	3.4
164.0	Jerami	Grant	PF	29	POR	33	33.0	33.7	7.4	16.0	0.46	2.3	5.5	0.415	5.1	10.5	0.484	0.532	4.3	5.4	0.799	0.6	2.9	3.5	2.5	0.7	0.7	2.2	2.3	21.4
165.0	A.J.	Green	SG	24	MIL	24	0.0	7.3	1.2	2.5	0.467	1.0	2.2	0.442	0.2	0.3	0.625	0.658	0.1	0.1	1.0	0.2	0.6	0.8	0.6	0.0	0.0	0.0	0.8	3.4
167.0	Draymond	Green	PF	33	GSW	15	15.0	25.1	3.4	6.9	0.49	1.2	2.8	0.429	2.2	4.1	0.532	0.577	1.7	2.0	0.833	1.5	4.1	5.5	5.8	0.4	0.7	2.4	3.0	9.7
168.0	Jalen	Green	SG	21	HOU	36	36.0	30.4	5.8	14.3	0.403	2.2	6.4	0.346	3.5	7.9	0.449	0.481	3.6	4.5	0.795	0.4	4.3	4.6	3.3	0.6	0.3	2.2	1.3	17.3
169.0	Jeff	Green	PF	37	HOU	35	1.0	16.5	2.2	4.1	0.545	0.4	1.2	0.302	1.9	2.9	0.65	0.591	1.9	2.3	0.815	0.7	1.3	2.0	0.8	0.1	0.5	0.7	1.5	6.7
170.0	Josh	Green	SG	23	DAL	27	10.0	25.1	2.7	5.9	0.465	1.0	2.9	0.354	1.7	3.0	0.575	0.553	0.5	0.9	0.583	0.5	2.3	2.8	2.4	0.9	0.2	0.9	1.7	7.0
171.0	AJ	Griffin	SF	20	ATL	13	0.0	9.0	0.8	2.8	0.297	0.7	2.2	0.321	0.2	0.7	0.222	0.419	0.2	0.2	1.0	0.2	0.8	0.9	0.3	0.1	0.0	0.5	0.5	2.5
172.0	Quentin	Grimes	SG	23	NYK	35	18.0	20.1	2.5	6.1	0.404	1.8	4.7	0.39	0.6	1.4	0.449	0.554	0.3	0.5	0.625	0.3	1.4	1.7	1.1	0.7	0.1	0.5	1.5	7.0
174.0	Rui	Hachimura	PF	25	LAL	25	5.0	23.5	4.5	9.2	0.485	1.1	3.0	0.368	3.4	6.2	0.542	0.545	1.5	2.0	0.76	0.8	2.8	3.6	1.1	0.7	0.2	0.8	1.4	11.6
175.0	Tyrese	Haliburton	PG	23	IND	33	33.0	33.4	8.4	16.9	0.497	3.4	8.4	0.403	5.0	8.5	0.591	0.597	3.4	3.9	0.868	0.6	3.6	4.2	12.5	1.1	0.7	2.5	1.1	23.6
176.0	R.J.	Hampton	PG	22	MIA	8	2.0	9.5	0.5	1.8	0.286	0.1	1.0	0.125	0.4	0.8	0.5	0.321	0.1	0.3	0.5	0.3	0.5	0.8	1.0	0.0	0.0	0.4	1.0	1.3
177.0	Tim	Hardaway	Jr.	SF	31	DAL	36.0	5.0	29.1	6.0	14.4	0.418	3.2	8.8	0.358	2.8	5.5	0.513	0.528	2.3	2.7	0.865	0.3	3.3	3.7	1.8	0.4	0.0	0.8	1.4
178.0	James	Harden	PG	34	LAC	32	32.0	33.9	5.1	11.1	0.463	2.7	6.4	0.426	2.4	4.7	0.513	0.586	4.3	4.9	0.873	0.3	4.4	4.8	8.4	1.3	0.8	2.7	2.1	17.3
179.0	Jaden	Hardy	SG	21	DAL	34	4.0	15.5	2.9	7.6	0.381	1.3	3.8	0.349	1.6	3.8	0.414	0.469	0.8	1.2	0.683	0.3	1.8	2.1	1.7	0.4	0.1	0.7	1.2	7.9
181.0	Gary	Harris	SG	29	ORL	27	6.0	22.8	2.4	5.7	0.429	1.3	4.0	0.333	1.1	1.7	0.652	0.545	0.9	1.1	0.774	0.5	1.2	1.7	1.9	0.9	0.2	0.5	1.7	7.1
182.0	Joe	Harris	SG	32	DET	14	0.0	10.9	0.9	2.6	0.361	0.7	2.1	0.345	0.2	0.5	0.429	0.5	0.1	0.1	0.5	0.2	0.7	0.9	0.6	0.2	0.1	0.2	1.3	2.6
183.0	Tobias	Harris	PF	31	PHI	35	35.0	33.9	6.7	13.1	0.51	1.2	3.3	0.359	5.5	9.7	0.562	0.556	2.9	3.2	0.885	1.0	5.2	6.2	3.1	0.9	0.5	1.6	1.7	17.4
185.0	Josh	Hart	SF	28	NYK	38	6.0	28.2	2.8	6.4	0.444	0.9	2.8	0.324	1.9	3.6	0.536	0.514	0.7	0.9	0.794	1.2	5.0	6.2	2.8	0.8	0.2	1.2	1.9	7.3
186.0	Isaiah	Hartenstein	C	25	NYK	38	12.0	24.4	2.6	4.3	0.605	0.0	0.1	0.333	2.6	4.2	0.61	0.608	1.4	2.0	0.701	3.2	4.7	7.9	1.8	1.2	1.1	1.1	2.9	6.6
187.0	Sam	Hauser	SF	26	BOS	37	4.0	22.1	3.0	6.6	0.451	2.4	5.7	0.419	0.6	0.9	0.647	0.631	0.3	0.4	0.846	0.8	2.8	3.6	0.9	0.5	0.3	0.5	1.5	8.6
188.0	Jordan	Hawkins	SG	21	NOP	33	9.0	22.2	3.4	8.8	0.39	2.1	5.6	0.371	1.3	3.2	0.423	0.509	1.4	1.7	0.855	0.5	2.3	2.8	1.4	0.3	0.1	0.7	1.5	10.4
189.0	Jaxson	Hayes	C	23	LAL	32	1.0	10.3	1.3	1.9	0.672	0.0	0.1	0.0	1.3	1.8	0.719	0.672	0.5	0.9	0.536	0.5	1.3	1.8	0.3	0.2	0.4	0.6	1.9	3.0
190.0	Killian	Hayes	PG	22	DET	33	23.0	24.7	3.0	7.6	0.4	0.6	2.0	0.292	2.5	5.6	0.438	0.438	0.9	1.4	0.674	0.3	2.6	2.9	4.6	1.0	0.5	1.3	1.8	7.6
191.0	Gordon	Hayward	SF	33	CHO	25	25.0	31.9	5.6	11.9	0.468	0.9	2.4	0.361	4.7	9.4	0.496	0.505	2.5	3.2	0.765	1.0	3.7	4.7	4.6	1.1	0.5	2.0	1.8	14.5
192.0	Scoot	Henderson	PG	19	POR	28	13.0	27.9	4.5	12.4	0.36	1.2	4.1	0.293	3.3	8.3	0.394	0.409	2.0	2.7	0.76	0.9	2.1	3.0	4.9	0.6	0.3	3.2	3.4	12.2
193.0	Taylor	Hendricks	PF	20	UTA	12	0.0	14.8	1.8	4.7	0.375	0.8	2.8	0.303	0.9	1.9	0.478	0.464	0.5	0.7	0.75	0.9	1.4	2.3	0.4	0.7	0.6	0.8	0.9	4.8
194.0	Tyler	Herro	SG	24	MIA	19	19.0	34.3	8.3	19.1	0.435	3.2	7.8	0.412	5.1	11.3	0.451	0.519	2.6	3.0	0.86	0.6	4.7	5.3	4.5	1.3	0.1	2.4	1.5	22.4
195.0	Buddy	Hield	SF	31	IND	37	17.0	25.6	4.6	10.6	0.431	2.8	7.4	0.375	1.8	3.2	0.558	0.561	0.6	0.7	0.84	0.7	2.5	3.2	2.5	0.8	0.6	1.4	2.0	12.5
196.0	Haywood	Highsmith	PF	27	MIA	23	16.0	21.5	2.3	5.5	0.421	1.2	3.3	0.364	1.1	2.1	0.51	0.532	0.6	0.8	0.778	0.9	2.1	3.0	1.4	1.0	0.6	0.8	2.1	6.4
198.0	D'Moi	Hodge	SG	25	LAL	7	0.0	5.9	0.7	2.1	0.333	0.4	1.7	0.25	0.3	0.4	0.667	0.433	0.1	0.3	0.5	0.0	0.0	0.0	0.7	0.1	0.1	0.1	0.6	2.0
199.0	Aaron	Holiday	PG	27	HOU	34	1.0	18.0	2.5	5.7	0.436	1.3	3.1	0.411	1.2	2.6	0.466	0.549	0.6	0.7	0.917	0.3	1.7	2.0	1.7	0.5	0.1	0.8	1.6	6.9
200.0	Jrue	Holiday	PG	33	BOS	35	35.0	34.1	4.9	10.9	0.451	1.9	4.7	0.396	3.1	6.2	0.493	0.537	1.1	1.4	0.8	1.5	4.8	6.4	4.6	0.9	0.8	2.0	1.7	12.8
203.0	Chet	Holmgren	C	21	OKC	37	37.0	29.8	6.8	12.1	0.559	1.7	4.2	0.401	5.1	7.8	0.645	0.63	2.8	3.5	0.797	1.5	5.8	7.3	2.7	0.6	2.5	1.7	2.7	18.0
204.0	Jalen	Hood-Schifino	SG	20	LAL	9	0.0	8.3	0.8	3.4	0.226	0.1	1.0	0.111	0.7	2.4	0.273	0.242	0.6	1.1	0.5	0.2	0.7	0.9	0.6	0.2	0.1	0.6	1.0	2.2
205.0	Al	Horford	C	37	BOS	31	14.0	27.1	2.9	6.0	0.487	1.5	3.9	0.397	1.4	2.1	0.652	0.615	0.3	0.4	0.833	1.4	5.5	6.9	3.0	0.5	1.1	0.9	1.6	7.7
206.0	Talen	Horton-Tucker	PG	23	UTA	30	11.0	22.0	4.1	10.0	0.411	1.2	3.7	0.333	2.9	6.3	0.457	0.473	1.6	2.0	0.787	0.4	2.1	2.5	4.2	1.1	0.4	1.7	2.1	11.0
207.0	Danuel	House	Jr.	SF	30	PHI	22.0	0.0	12.4	1.1	2.7	0.417	0.5	1.5	0.344	0.6	1.3	0.5	0.508	0.6	0.9	0.737	0.4	1.0	1.3	0.8	0.3	0.0	0.6	0.8
208.0	Caleb	Houstan	SF	21	ORL	28	2.0	14.7	1.6	3.8	0.415	1.4	3.5	0.388	0.2	0.3	0.75	0.594	0.5	0.6	0.813	0.5	1.3	1.8	0.6	0.3	0.0	0.3	1.1	5.0
209.0	Jett	Howard	SF	20	ORL	9	0.0	4.0	0.6	1.8	0.313	0.3	1.3	0.25	0.2	0.4	0.5	0.406	0.1	0.2	0.5	0.1	0.3	0.4	0.3	0.0	0.0	0.2	0.1	1.6
210.0	Kevin	Huerter	SG	25	SAC	36	31.0	22.9	3.6	8.6	0.416	1.7	5.1	0.33	1.9	3.4	0.545	0.515	0.7	0.9	0.806	0.5	3.0	3.6	2.5	0.6	0.3	0.6	2.0	9.5
212.0	De'Andre	Hunter	SF	26	ATL	24	24.0	30.3	5.1	11.0	0.46	1.9	4.8	0.404	3.2	6.3	0.503	0.547	2.8	3.1	0.907	0.6	3.5	4.1	1.4	0.8	0.4	1.5	3.0	14.9
213.0	Bones	Hyland	PG	23	LAC	16	2.0	14.6	2.6	6.7	0.393	1.3	3.4	0.364	1.4	3.3	0.423	0.486	0.6	0.8	0.833	0.1	0.8	0.9	1.8	0.5	0.1	1.3	1.4	7.1
214.0	Joe	Ingles	SF	36	ORL	24	0.0	18.2	1.6	3.9	0.404	1.0	2.5	0.407	0.6	1.5	0.4	0.532	0.7	0.8	0.895	0.5	2.3	2.8	3.4	0.8	0.1	0.8	1.5	4.9
215.0	Brandon	Ingram	SF	26	NOP	35	35.0	33.1	8.3	16.5	0.5	1.3	3.8	0.353	6.9	12.7	0.544	0.541	4.2	5.1	0.82	0.6	4.0	4.6	5.4	0.8	0.5	2.5	2.2	22.0
216.0	Kyrie	Irving	SG	31	DAL	23	23.0	32.6	9.2	19.1	0.483	2.9	6.7	0.426	6.3	12.3	0.514	0.558	3.5	3.9	0.889	0.9	4.0	5.0	5.3	1.4	0.5	1.6	1.8	24.8
217.0	Jonathan	Isaac	PF	26	ORL	21	0.0	13.6	2.3	5.0	0.453	0.6	2.2	0.277	1.7	2.8	0.593	0.514	1.2	1.5	0.781	1.1	3.0	4.1	0.3	0.9	1.2	0.6	1.3	6.4
218.0	Jaden	Ivey	SG	21	DET	34	18.0	25.8	4.6	10.1	0.451	1.2	3.8	0.308	3.4	6.3	0.537	0.509	3.0	4.0	0.752	1.3	2.3	3.6	3.3	0.8	0.6	2.2	2.8	13.3
219.0	Andre	Jackson	Jr.	SG	22	MIL	32.0	6.0	10.5	0.9	1.9	0.5	0.4	1.0	0.394	0.5	0.8	0.63	0.608	0.2	0.2	0.857	0.8	1.0	1.8	1.0	0.3	0.1	0.5	1.8
220.0	Gregory	Jackson	II	PF	19	MEM	5.0	0.0	4.2	0.6	2.4	0.25	0.4	1.2	0.333	0.2	1.2	0.167	0.333	0.0	0.0	0.2	0.4	0.6	0.0	0.2	0.2	0.2	0.4	1.6
221.0	Isaiah	Jackson	C	22	IND	29	1.0	13.9	2.8	4.1	0.681	0.0	0.1	0.0	2.8	4.0	0.692	0.681	1.4	2.1	0.7	1.5	2.7	4.2	0.9	0.6	1.3	0.7	2.8	7.0
222.0	Jaren	Jackson	Jr.	C	24	MEM	36.0	36.0	31.6	7.3	15.7	0.461	1.8	5.1	0.352	5.5	10.7	0.513	0.518	5.0	6.0	0.837	1.3	4.4	5.8	1.7	0.8	1.8	2.0	3.6
223.0	Reggie	Jackson	PG	33	DEN	39	14.0	23.3	4.7	10.2	0.465	1.4	3.8	0.378	3.3	6.4	0.516	0.535	0.9	1.3	0.74	0.4	1.7	2.1	4.4	0.6	0.2	1.4	2.0	11.9
225.0	LeBron	James	PF	39	LAL	36	36.0	34.3	9.2	17.6	0.521	2.1	5.5	0.389	7.1	12.1	0.581	0.582	4.2	5.7	0.732	0.9	6.3	7.2	7.6	1.4	0.6	3.3	1.1	24.7
226.0	Jaime	Jaquez	Jr.	SF	22	MIA	37.0	13.0	30.5	5.3	10.4	0.51	1.1	3.1	0.36	4.2	7.4	0.574	0.563	2.1	2.5	0.83	1.2	2.6	3.8	2.7	1.1	0.3	1.7	2.5
227.0	DaQuan	Jeffries	SG	26	NYK	10	0.0	3.0	0.5	1.2	0.417	0.1	0.5	0.2	0.4	0.7	0.571	0.458	0.0	0.2	0.0	0.0	0.5	0.5	0.2	0.0	0.0	0.1	0.2	1.1
229.0	Isaiah	Joe	SG	24	OKC	37	0.0	19.4	3.1	6.8	0.456	2.2	5.1	0.426	0.9	1.6	0.55	0.618	0.8	0.9	0.824	0.2	2.0	2.2	1.1	0.6	0.3	0.6	1.1	9.1
230.0	Cameron	Johnson	PF	27	BRK	30	30.0	29.0	5.3	11.5	0.46	2.6	6.3	0.411	2.7	5.2	0.519	0.572	1.3	1.8	0.717	1.2	3.6	4.8	2.4	0.8	0.2	1.0	2.0	14.5
231.0	Jalen	Johnson	SF	22	ATL	22	19.0	31.3	6.1	10.4	0.585	1.2	3.0	0.4	4.9	7.5	0.659	0.642	2.0	2.5	0.818	1.4	7.2	8.5	3.0	1.1	0.9	1.9	2.4	15.4
233.0	Keldon	Johnson	SF	24	SAS	34	26.0	32.2	6.3	13.9	0.455	1.9	5.5	0.346	4.4	8.4	0.526	0.523	3.0	3.8	0.777	1.4	4.8	6.1	3.8	0.9	0.2	1.6	2.5	17.5
234.0	Keon	Johnson	SG	21	BRK	1	0.0	21.0	3.0	8.0	0.375	2.0	4.0	0.5	1.0	4.0	0.25	0.5	4.0	4.0	1.0	0.0	1.0	1.0	1.0	1.0	1.0	1.0	1.0	12.0
236.0	Nikola	Jokić	C	28	DEN	38	38.0	33.3	9.8	17.2	0.574	1.1	3.0	0.348	8.8	14.1	0.622	0.604	4.8	5.8	0.819	2.8	9.0	11.8	9.2	1.2	0.9	2.8	2.6	25.5
237.0	Colby	Jones	SG	21	SAC	14	0.0	7.3	1.1	2.7	0.421	0.1	0.9	0.083	1.1	1.9	0.577	0.434	0.1	0.2	0.667	0.6	0.7	1.3	0.4	0.2	0.1	0.3	0.9	2.5
238.0	Damian	Jones	C	28	CLE	15	0.0	5.4	0.7	1.1	0.588	0.1	0.2	0.333	0.6	0.9	0.643	0.618	0.1	0.2	0.667	0.3	0.8	1.1	0.3	0.1	0.2	0.3	0.6	1.5
239.0	Derrick	Jones	Jr.	SF	26	DAL	38.0	37.0	26.0	3.8	7.9	0.477	1.4	4.1	0.34	2.4	3.8	0.625	0.565	1.3	1.8	0.729	1.3	2.5	3.8	1.0	0.9	0.9	0.9	1.8
240.0	Herbert	Jones	SF	25	NOP	35	35.0	29.3	3.7	7.9	0.475	1.3	3.4	0.367	2.5	4.5	0.558	0.554	2.0	2.3	0.873	1.2	2.6	3.8	2.5	1.3	1.0	1.3	2.9	10.7
241.0	Tre	Jones	PG	24	SAS	32	3.0	24.3	3.5	7.3	0.483	0.5	2.1	0.239	3.0	5.2	0.582	0.517	1.2	1.4	0.864	0.7	2.2	2.9	4.9	0.8	0.2	1.5	1.3	8.7
242.0	Tyus	Jones	PG	27	WAS	37	37.0	27.9	5.3	10.0	0.526	1.6	3.7	0.431	3.7	6.3	0.581	0.605	0.5	0.7	0.731	0.3	2.5	2.8	5.5	1.2	0.3	0.9	0.7	12.6
244.0	Cory	Joseph	PG	32	GSW	18	0.0	10.4	0.6	2.3	0.262	0.3	1.5	0.185	0.3	0.8	0.4	0.321	0.2	0.4	0.571	0.2	0.6	0.8	1.7	0.2	0.1	0.6	0.9	1.7
245.0	Nikola	Jović	PF	20	MIA	11	6.0	17.0	2.3	4.7	0.481	1.3	2.7	0.467	1.0	2.0	0.5	0.615	0.8	1.4	0.6	0.8	4.0	4.8	2.4	0.5	0.4	0.8	2.5	6.6
247.0	Luke	Kennard	SG	27	MEM	14	2.0	21.2	2.8	6.8	0.411	2.2	5.4	0.413	0.6	1.4	0.4	0.574	0.8	0.8	1.0	0.4	2.6	3.1	2.3	0.5	0.1	0.6	0.9	8.6
248.0	Walker	Kessler	C	22	UTA	31	13.0	24.1	4.0	6.3	0.639	0.1	0.5	0.25	3.9	5.7	0.674	0.649	0.7	1.3	0.538	2.7	5.1	7.7	0.7	0.5	2.6	1.1	2.1	8.8
249.0	Braxton	Key	SF	26	DEN	12	0.0	3.7	0.4	1.2	0.357	0.1	0.3	0.25	0.3	0.8	0.4	0.393	0.3	0.4	0.8	0.2	0.7	0.8	0.7	0.2	0.0	0.0	0.3	1.3
250.0	Corey	Kispert	SF	24	WAS	36	1.0	22.2	4.1	8.6	0.484	2.0	5.4	0.371	2.1	3.2	0.675	0.601	1.4	1.9	0.735	0.4	1.7	2.1	1.5	0.3	0.2	1.0	1.6	11.7
251.0	Maxi	Kleber	C	32	DAL	5	1.0	18.0	0.8	3.2	0.25	0.6	1.8	0.333	0.2	1.4	0.143	0.344	1.2	2.0	0.6	0.8	3.4	4.2	2.0	0.2	0.2	0.8	1.6	3.4
252.0	Kevin	Knox	SF	24	DET	20	5.0	17.9	3.2	6.7	0.481	1.3	3.5	0.357	2.0	3.2	0.619	0.575	0.6	0.7	0.857	0.7	1.7	2.3	0.7	0.5	0.3	0.7	1.6	8.3
253.0	John	Konchar	SF	27	MEM	29	2.0	16.3	1.1	3.1	0.367	0.6	2.0	0.31	0.5	1.1	0.469	0.467	0.3	0.4	0.818	1.0	2.9	3.9	1.3	0.7	0.7	0.4	0.9	3.2
254.0	Furkan	Korkmaz	SG	26	PHI	21	0.0	6.7	0.7	1.8	0.378	0.2	0.9	0.263	0.4	0.9	0.5	0.446	0.3	0.4	0.778	0.0	0.4	0.5	0.5	0.5	0.0	0.3	0.4	1.9
256.0	Jonathan	Kuminga	PF	21	GSW	36	15.0	22.8	4.7	9.4	0.503	0.7	2.5	0.27	4.1	6.9	0.586	0.538	2.6	3.8	0.699	1.2	2.9	4.1	1.6	0.6	0.3	1.5	2.1	12.8
257.0	Kyle	Kuzma	PF	28	WAS	37	37.0	31.1	8.7	18.9	0.459	2.4	6.8	0.344	6.3	12.1	0.523	0.521	2.5	3.3	0.777	1.0	5.2	6.2	4.2	0.4	0.5	2.7	2.1	22.2
258.0	Jock	Landale	C	28	HOU	21	0.0	8.7	0.7	2.0	0.349	0.1	0.7	0.143	0.6	1.4	0.448	0.372	0.4	0.5	0.8	0.9	0.9	1.8	0.5	0.2	0.3	0.4	1.0	1.9
259.0	Jake	LaRavia	PF	22	MEM	9	0.0	11.2	1.2	3.7	0.333	0.3	2.2	0.15	0.9	1.4	0.615	0.379	0.1	0.2	0.5	0.6	0.8	1.3	0.6	0.1	0.0	0.4	1.7	2.9
260.0	Zach	LaVine	SG	28	CHI	21	19.0	35.3	7.0	15.8	0.446	2.4	7.0	0.34	4.7	8.8	0.53	0.521	3.9	4.5	0.853	0.4	4.8	5.2	3.7	1.0	0.3	2.1	2.1	20.3
261.0	A.J.	Lawson	SG	23	DAL	16	0.0	10.3	1.8	3.7	0.475	0.6	1.9	0.333	1.1	1.8	0.621	0.559	0.6	0.9	0.714	0.5	0.9	1.4	0.6	0.6	0.1	0.5	0.8	4.8
262.0	Saben	Lee	PG	24	PHO	10	0.0	6.9	0.8	1.9	0.421	0.0	0.4	0.0	0.8	1.5	0.533	0.421	1.3	1.7	0.765	0.5	0.5	1.0	1.1	0.3	0.3	0.4	0.6	2.9
263.0	Alex	Len	C	30	SAC	13	0.0	9.0	1.2	1.8	0.652	0.0	0.1	0.0	1.2	1.7	0.682	0.652	0.3	0.8	0.4	1.4	2.2	3.6	1.3	0.2	0.6	0.5	0.8	2.6
264.0	Kawhi	Leonard	SF	32	LAC	33	33.0	34.6	8.9	17.2	0.518	2.3	5.3	0.432	6.6	11.9	0.556	0.585	3.9	4.4	0.877	1.1	4.9	6.0	3.5	1.7	0.8	1.6	1.5	24.0
265.0	Caris	LeVert	SG	29	CLE	29	1.0	29.0	5.9	13.7	0.431	2.0	5.7	0.348	3.9	8.0	0.489	0.503	2.6	3.5	0.745	0.4	3.0	3.4	4.0	1.1	0.4	1.5	1.6	16.4
266.0	Kira	Lewis	Jr.	PG	22	NOP	14.0	0.0	9.7	1.1	3.6	0.32	0.1	1.4	0.105	1.0	2.2	0.452	0.34	0.6	0.6	0.889	0.3	0.6	0.9	1.3	0.4	0.1	0.5	0.6
268.0	E.J.	Liddell	PF	23	NOP	5	0.0	3.0	0.2	1.0	0.2	0.0	0.8	0.0	0.2	0.2	1.0	0.2	0.4	0.4	1.0	0.0	0.4	0.4	0.0	0.0	0.4	0.4	0.4	0.8
269.0	Damian	Lillard	PG	33	MIL	35	35.0	35.2	7.3	17.0	0.43	3.0	8.6	0.352	4.3	8.4	0.508	0.518	7.4	8.0	0.918	0.6	3.7	4.3	6.8	1.0	0.2	2.5	1.7	25.0
270.0	Nassir	Little	SF	23	PHO	24	2.0	15.2	1.9	3.8	0.489	0.7	2.1	0.32	1.2	1.8	0.69	0.576	0.7	0.8	0.85	0.6	1.9	2.5	0.7	0.4	0.3	0.5	1.3	5.1
271.0	Dereck	Lively	II	C	19	DAL	29.0	28.0	25.2	4.0	5.5	0.723	0.0	0.1	0.0	4.0	5.4	0.732	0.723	0.8	1.4	0.548	2.7	4.9	7.6	1.3	0.6	1.4	1.1	3.0
272.0	Isaiah	Livers	PF	25	DET	22	6.0	20.6	1.8	5.1	0.348	1.0	3.3	0.288	0.8	1.8	0.462	0.442	0.5	0.8	0.667	0.7	1.5	2.2	1.1	0.6	0.1	0.7	1.8	5.0
273.0	Chris	Livingston	SF	20	MIL	10	0.0	4.8	0.7	1.1	0.636	0.1	0.1	1.0	0.6	1.0	0.6	0.682	0.2	0.2	1.0	0.2	0.9	1.1	0.4	0.2	0.0	0.3	0.3	1.7
274.0	Kenneth	Lofton	Jr.	PF	21	TOT	16.0	0.0	6.4	0.9	2.4	0.359	0.2	0.6	0.3	0.7	1.8	0.379	0.397	0.5	0.9	0.533	0.1	0.9	1.1	0.9	0.2	0.2	0.5	0.9
276.0	Brook	Lopez	C	35	MIL	38	38.0	31.2	4.8	9.9	0.48	1.7	5.0	0.33	3.1	4.9	0.634	0.564	1.5	1.9	0.806	1.4	3.6	5.1	1.4	0.6	2.9	0.9	2.8	12.7
277.0	Robin	Lopez	C	35	MIL	10	0.0	2.5	0.2	0.5	0.4	0.2	0.4	0.5	0.0	0.1	0.0	0.6	0.2	0.2	1.0	0.0	0.2	0.2	0.2	0.0	0.1	0.1	0.3	0.8
278.0	Kevin	Love	PF	35	MIA	30	5.0	19.2	3.2	7.1	0.455	1.7	4.8	0.352	1.5	2.3	0.676	0.575	2.1	2.7	0.79	1.1	5.7	6.8	2.6	0.4	0.2	0.7	1.8	10.3
279.0	Kyle	Lowry	PG	37	MIA	32	32.0	28.4	3.1	6.6	0.462	1.9	4.5	0.434	1.1	2.2	0.522	0.608	1.1	1.3	0.833	0.7	2.9	3.6	4.0	1.1	0.4	1.5	2.6	9.2
281.0	Trey	Lyles	PF	28	SAC	23	0.0	20.2	2.5	5.3	0.475	1.6	3.9	0.411	0.9	1.4	0.656	0.627	0.9	1.4	0.625	0.9	4.1	5.0	1.4	0.1	0.3	0.7	1.7	7.5
282.0	Théo	Maledon	PG	22	CHO	13	1.0	15.4	1.5	5.1	0.288	0.4	2.3	0.167	1.1	2.8	0.389	0.326	0.8	0.9	0.917	0.3	1.5	1.8	2.2	0.5	0.0	1.2	1.4	4.2
283.0	Sandro	Mamukelashvili	C	24	SAS	20	0.0	6.9	0.9	2.3	0.4	0.4	1.3	0.269	0.6	1.0	0.579	0.478	0.5	0.6	0.833	0.6	1.3	1.9	1.2	0.2	0.3	0.4	0.7	2.7
284.0	Terance	Mann	SG	27	LAC	31	27.0	25.3	2.8	6.4	0.432	0.9	3.2	0.286	1.9	3.3	0.574	0.503	0.8	1.1	0.743	1.1	2.1	3.2	1.9	0.7	0.3	0.6	1.8	7.3
285.0	Tre	Mann	PG	22	OKC	13	0.0	9.2	1.5	3.1	0.5	0.6	1.5	0.421	0.9	1.6	0.571	0.6	0.1	0.1	1.0	0.3	1.5	1.8	1.5	0.2	0.0	0.7	0.2	3.8
286.0	Boban	Marjanović	C	35	HOU	5	0.0	6.0	1.2	2.8	0.429	0.0	0.4	0.0	1.2	2.4	0.5	0.429	0.0	0.2	0.0	0.8	1.6	2.4	0.8	0.0	0.2	0.0	0.6	2.4
287.0	Lauri	Markkanen	PF	26	UTA	29	29.0	32.6	8.0	16.3	0.488	3.2	8.3	0.386	4.8	8.0	0.595	0.587	4.5	5.2	0.867	2.4	6.3	8.8	1.7	0.9	0.7	1.1	2.0	23.6
288.0	Naji	Marshall	SF	26	NOP	29	0.0	18.9	2.8	6.0	0.463	1.0	2.5	0.389	1.8	3.6	0.515	0.543	1.6	1.9	0.818	1.1	2.7	3.9	2.2	0.7	0.2	1.1	1.4	8.1
289.0	Caleb	Martin	SF	28	MIA	20	10.0	26.5	4.3	9.6	0.443	1.3	3.3	0.379	3.0	6.3	0.476	0.508	1.3	1.9	0.676	1.3	3.8	5.1	2.3	0.8	0.3	1.4	2.3	11.0
290.0	Cody	Martin	SF	28	CHO	7	2.0	25.9	3.1	8.1	0.386	1.1	3.4	0.333	2.0	4.7	0.424	0.456	0.6	1.4	0.4	1.1	1.7	2.9	2.1	1.7	0.6	0.9	1.6	8.0
291.0	KJ	Martin	SF	23	TOT	24	0.0	6.9	0.8	1.7	0.463	0.0	0.3	0.125	0.8	1.4	0.545	0.476	0.2	0.4	0.5	0.3	0.5	0.8	0.5	0.4	0.0	0.3	1.0	1.8
292.0	Garrison	Mathews	SG	27	ATL	23	3.0	11.7	1.0	2.1	0.458	0.9	2.0	0.457	0.0	0.1	0.5	0.677	0.0	0.1	0.0	0.2	0.9	1.1	0.4	0.3	0.1	0.3	1.6	2.8
293.0	Bennedict	Mathurin	SF	21	IND	37	12.0	25.6	5.1	11.0	0.466	1.4	3.6	0.383	3.8	7.4	0.505	0.528	3.1	3.6	0.837	1.1	2.8	3.9	1.9	0.6	0.2	1.5	2.0	14.7
294.0	Wesley	Matthews	SG	37	ATL	19	1.0	11.2	0.5	2.1	0.256	0.3	1.6	0.2	0.2	0.5	0.444	0.333	0.7	1.0	0.737	0.2	1.2	1.4	0.6	0.5	0.2	0.3	1.4	2.1
295.0	Tyrese	Maxey	PG	23	PHI	35	35.0	37.4	9.0	19.9	0.453	3.1	8.3	0.374	5.9	11.7	0.51	0.531	5.1	5.8	0.868	0.6	3.2	3.7	6.7	0.9	0.5	1.6	2.1	26.2
296.0	Skylar	Mays	PG-SG	26	TOT	22	5.0	16.7	2.6	6.5	0.403	0.7	2.3	0.314	1.9	4.2	0.452	0.458	0.6	0.8	0.765	0.5	1.3	1.7	3.5	0.7	0.1	0.8	0.9	6.6
297.0	Miles	McBride	PG	23	NYK	25	0.0	7.0	1.2	2.7	0.448	0.8	1.6	0.463	0.4	1.0	0.423	0.59	0.2	0.2	0.8	0.2	0.3	0.4	0.8	0.3	0.0	0.1	0.8	3.3
298.0	CJ	McCollum	PG	32	NOP	25	25.0	32.4	7.0	15.1	0.466	3.5	7.9	0.447	3.5	7.2	0.486	0.582	2.1	2.7	0.791	0.6	3.6	4.2	5.0	1.3	0.8	1.6	2.0	19.7
299.0	T.J.	McConnell	PG	31	IND	29	1.0	15.9	3.5	6.4	0.545	0.0	0.5	0.071	3.5	6.0	0.584	0.548	0.9	1.2	0.743	0.6	2.1	2.7	5.1	1.0	0.1	1.2	1.0	8.0
300.0	Jaden	McDaniels	SF	23	MIN	27	26.0	27.9	4.3	8.5	0.509	1.1	3.2	0.349	3.2	5.3	0.604	0.574	0.6	0.9	0.739	0.6	1.9	2.4	1.2	0.8	0.6	1.0	3.4	10.4
301.0	Jalen	McDaniels	SF	26	TOR	23	0.0	9.5	1.0	3.2	0.311	0.3	1.7	0.184	0.7	1.6	0.444	0.358	0.3	0.3	0.875	0.2	1.0	1.2	0.6	0.3	0.1	0.3	1.1	2.6
302.0	Doug	McDermott	SF	32	SAS	32	0.0	15.9	2.1	4.6	0.453	1.7	3.7	0.458	0.4	0.9	0.433	0.635	0.3	0.4	0.667	0.1	0.9	1.0	1.3	0.3	0.1	0.5	1.1	6.1
303.0	JaVale	McGee	C	36	SAC	31	0.0	8.2	1.9	3.0	0.652	0.0	0.0	0.0	1.9	2.9	0.659	0.652	0.7	1.2	0.611	1.0	1.9	2.9	0.5	0.2	0.5	1.0	1.2	4.6
304.0	Bryce	McGowens	SG	21	CHO	30	10.0	17.8	1.8	4.2	0.424	0.8	2.1	0.381	1.0	2.1	0.468	0.52	0.9	1.2	0.722	0.4	1.5	1.9	1.0	0.3	0.1	0.5	1.6	5.2
305.0	Jordan	McLaughlin	PG	27	MIN	17	0.0	8.1	0.9	2.2	0.405	0.5	1.3	0.364	0.4	0.9	0.467	0.514	0.2	0.2	0.75	0.2	0.6	0.8	1.6	0.7	0.2	0.1	0.3	2.4
306.0	De'Anthony	Melton	SG	25	PHI	32	32.0	29.2	4.0	10.0	0.398	2.1	5.8	0.368	1.8	4.2	0.44	0.505	1.9	2.3	0.827	0.8	3.2	4.0	3.2	1.7	0.5	1.2	2.4	12.0
308.0	Sam	Merrill	SG	27	CLE	22	0.0	14.5	2.4	6.1	0.396	2.1	5.2	0.412	0.3	0.9	0.3	0.571	0.3	0.3	0.857	0.4	1.5	1.9	1.3	0.3	0.0	0.3	1.1	7.2
309.0	Chimezie	Metu	C	26	PHO	28	5.0	13.1	2.0	4.0	0.509	0.5	1.7	0.292	1.5	2.3	0.672	0.571	1.2	1.3	0.892	0.8	2.3	3.0	0.5	0.6	0.2	0.8	1.0	5.8
310.0	Vasilije	Micić	PG	30	OKC	17	0.0	12.4	1.1	3.1	0.358	0.4	1.8	0.2	0.8	1.4	0.565	0.415	0.4	0.5	0.75	0.1	0.6	0.7	3.1	0.4	0.2	0.7	1.1	2.9
311.0	Khris	Middleton	SF	32	MIL	33	33.0	25.3	5.5	11.4	0.484	1.7	4.5	0.374	3.8	6.9	0.555	0.557	1.7	2.0	0.836	0.6	3.7	4.3	5.0	0.8	0.2	2.1	2.2	14.4
312.0	Brandon	Miller	SF	21	CHO	31	25.0	30.9	5.4	12.8	0.421	2.1	5.5	0.379	3.3	7.4	0.452	0.501	1.5	1.9	0.81	0.8	3.0	3.8	2.2	0.6	0.5	1.6	2.7	14.4
315.0	Dariq	Whitehead	SF	19	BRK	2	0.0	12.0	0.5	2.5	0.2	0.0	1.5	0.0	0.5	1.0	0.5	0.2	0.5	1.0	0.5	0.0	2.0	2.0	1.5	0.0	0.5	0.0	0.0	1.5
317.0	Shake	Milton	SG	27	MIN	31	0.0	13.5	1.7	4.3	0.396	0.4	1.6	0.265	1.3	2.7	0.471	0.444	1.2	1.4	0.818	0.2	1.3	1.4	1.3	0.5	0.1	0.8	1.3	5.0
318.0	Justin	Minaya	SF	24	POR	8	0.0	8.0	0.6	1.9	0.333	0.3	1.0	0.25	0.4	0.9	0.429	0.4	0.3	0.5	0.5	0.6	0.4	1.0	0.3	0.3	0.4	0.3	0.4	1.8
319.0	Josh	Minott	SF	21	MIN	14	0.0	2.6	0.6	1.1	0.533	0.0	0.4	0.0	0.6	0.7	0.8	0.533	0.6	0.7	0.8	0.1	0.1	0.2	0.2	0.0	0.1	0.1	0.3	1.7
320.0	Davion	Mitchell	PG	25	SAC	30	3.0	12.3	1.3	3.6	0.358	0.5	1.9	0.246	0.8	1.7	0.481	0.422	0.4	0.5	0.733	0.1	0.8	0.9	1.8	0.2	0.1	0.5	1.1	3.4
321.0	Donovan	Mitchell	SG	27	CLE	28	28.0	35.9	9.6	21.1	0.457	3.1	9.0	0.349	6.5	12.1	0.537	0.531	5.4	6.2	0.874	1.1	4.5	5.5	5.7	1.9	0.5	2.8	2.2	27.9
322.0	Evan	Mobley	PF	22	CLE	21	21.0	33.6	6.8	11.8	0.573	0.1	0.5	0.2	6.7	11.3	0.588	0.577	2.4	3.1	0.769	2.7	7.8	10.5	2.9	0.8	1.7	2.3	2.9	16.0
324.0	Malik	Monk	SG	25	SAC	36	0.0	25.6	5.1	11.4	0.446	2.6	6.4	0.407	2.5	5.0	0.497	0.561	2.2	2.5	0.878	0.4	2.2	2.6	5.4	0.6	0.7	2.1	1.9	15.0
325.0	Moses	Moody	SG	21	GSW	34	4.0	18.0	3.1	6.5	0.482	1.1	3.1	0.358	2.0	3.4	0.595	0.568	1.3	1.7	0.789	1.1	2.0	3.1	0.8	0.7	0.3	0.7	1.4	8.7
327.0	Wendell	Moore	Jr.	SG	22	MIN	8.0	0.0	2.8	0.1	0.4	0.333	0.0	0.3	0.0	0.1	0.1	1.0	0.333	0.0	0.0	0.0	0.4	0.4	0.1	0.1	0.1	0.3	0.1	0.3
328.0	Ja	Morant	PG	24	MEM	9	9.0	35.3	8.9	18.9	0.471	1.6	5.7	0.275	7.3	13.2	0.555	0.512	5.8	7.1	0.813	0.7	4.9	5.6	8.1	0.8	0.6	3.0	2.1	25.1
329.0	Marcus	Morris	PF	34	PHI	28	5.0	16.0	2.3	5.1	0.458	1.0	2.4	0.426	1.3	2.6	0.486	0.56	0.8	1.0	0.852	0.5	2.2	2.7	0.8	0.4	0.4	0.4	1.8	6.5
330.0	Markieff	Morris	PF	34	DAL	16	1.0	9.4	0.9	2.9	0.319	0.6	1.8	0.321	0.4	1.2	0.316	0.415	0.2	0.3	0.75	0.3	1.5	1.8	0.7	0.3	0.1	0.6	0.7	2.6
331.0	Trey	Murphy	III	SF	23	NOP	15.0	2.0	25.9	4.6	10.1	0.454	2.7	6.7	0.406	1.9	3.4	0.549	0.589	1.9	2.2	0.848	0.5	3.3	3.7	2.1	0.7	0.4	0.6	1.1
332.0	Dejounte	Murray	SG	27	ATL	36	36.0	34.7	8.1	17.3	0.466	2.4	6.1	0.394	5.7	11.2	0.505	0.535	2.6	3.1	0.814	0.8	3.8	4.6	5.0	1.4	0.3	2.1	1.7	21.1
333.0	Jamal	Murray	PG	26	DEN	25	25.0	30.0	7.6	16.1	0.47	2.4	5.8	0.41	5.2	10.3	0.504	0.544	3.0	3.4	0.893	0.6	3.2	3.8	6.2	1.0	0.8	1.8	2.1	20.5
334.0	Keegan	Murray	SF	23	SAC	33	33.0	32.9	6.1	13.1	0.467	2.5	6.8	0.372	3.6	6.4	0.567	0.562	1.4	1.7	0.825	1.4	4.2	5.5	1.6	1.2	0.5	0.9	2.6	16.2
335.0	Kris	Murray	SF	23	POR	21	0.0	12.0	1.3	3.6	0.368	0.5	1.8	0.289	0.8	1.8	0.447	0.441	0.3	0.4	0.75	0.9	1.2	2.0	0.6	0.8	0.1	0.3	0.7	3.5
336.0	Mike	Muscala	C	32	WAS	24	2.0	14.1	1.4	3.8	0.367	0.6	2.1	0.275	0.8	1.6	0.487	0.444	0.6	0.8	0.75	0.9	2.2	3.1	0.9	0.2	0.3	0.7	1.3	4.0
337.0	Svi	Mykhailiuk	SF	26	BOS	17	0.0	8.1	0.8	2.6	0.295	0.5	2.1	0.229	0.3	0.5	0.556	0.386	0.2	0.4	0.5	0.2	0.7	0.9	0.4	0.4	0.0	0.4	0.6	2.2
338.0	Larry	Nance	Jr.	C	31	NOP	21.0	0.0	16.8	1.9	3.5	0.534	0.4	0.9	0.421	1.5	2.6	0.574	0.589	0.6	0.9	0.667	1.5	3.7	5.2	1.0	1.0	0.4	1.0	1.2
339.0	Andrew	Nembhard	PG	24	IND	25	8.0	19.9	3.3	6.9	0.474	0.6	2.1	0.308	2.6	4.8	0.545	0.52	0.3	0.4	0.727	0.6	1.1	1.7	4.0	0.9	0.0	1.8	2.1	7.5
340.0	Aaron	Nesmith	SF	24	IND	35	10.0	25.5	4.2	8.3	0.51	2.1	4.6	0.456	2.1	3.7	0.577	0.636	1.2	1.6	0.719	0.8	2.4	3.3	1.1	1.1	0.7	0.9	3.2	11.7
341.0	Georges	Niang	PF	30	CLE	37	1.0	22.0	3.2	7.7	0.415	1.7	4.8	0.35	1.5	2.9	0.523	0.525	0.5	0.6	0.857	0.4	3.4	3.8	1.2	0.3	0.2	0.8	2.4	8.5
342.0	Daishen	Nix	PG	21	MIN	6	0.0	3.5	0.5	1.3	0.375	0.3	0.8	0.4	0.2	0.5	0.333	0.5	0.0	0.3	0.0	0.0	0.2	0.2	0.0	0.2	0.0	0.0	0.0	1.3
343.0	Zeke	Nnaji	PF	23	DEN	33	0.0	9.9	1.2	2.5	0.482	0.2	0.5	0.333	1.1	2.1	0.515	0.512	0.8	1.2	0.641	1.2	1.1	2.2	0.5	0.2	0.6	0.6	1.6	3.3
344.0	Jaylen	Nowell	SG	24	MEM	9	1.0	17.3	2.4	6.1	0.4	0.4	2.6	0.174	2.0	3.6	0.563	0.436	0.3	0.3	1.0	0.3	1.2	1.6	1.8	0.3	0.0	0.6	1.4	5.7
346.0	Jusuf	Nurkić	C	29	PHO	36	36.0	27.9	4.7	9.6	0.484	0.6	2.1	0.273	4.1	7.5	0.544	0.514	2.5	3.5	0.714	2.8	7.5	10.3	3.5	0.9	1.1	1.9	3.3	12.4
347.0	Jordan	Nwora	SF	25	IND	15	0.0	9.9	2.2	4.4	0.5	0.7	1.9	0.357	1.5	2.5	0.605	0.576	0.5	0.6	0.889	0.5	1.4	1.9	0.9	0.3	0.1	0.7	1.1	5.6
348.0	Royce	O'Neale	SF	30	BRK	37	6.0	25.2	2.5	6.6	0.382	1.9	5.3	0.367	0.6	1.4	0.44	0.528	0.3	0.5	0.611	0.8	3.7	4.6	3.1	0.8	0.6	1.1	2.4	7.3
349.0	Chuma	Okeke	SF	25	ORL	20	3.0	10.5	0.8	2.5	0.327	0.6	1.9	0.289	0.3	0.6	0.455	0.439	0.0	0.1	0.0	0.5	2.0	2.5	0.6	0.2	0.2	0.4	0.5	2.2
350.0	Josh	Okogie	SG	25	PHO	32	11.0	19.4	1.7	4.3	0.397	0.5	2.0	0.234	1.2	2.3	0.542	0.452	1.8	2.4	0.763	1.4	1.5	2.8	1.3	1.0	0.5	0.7	1.7	5.7
351.0	Onyeka	Okongwu	C	23	ATL	35	3.0	24.9	3.7	6.2	0.593	0.4	1.3	0.295	3.3	4.9	0.669	0.623	1.9	2.3	0.825	2.5	4.3	6.8	1.4	0.5	1.0	0.7	2.8	9.6
352.0	Isaac	Okoro	SF	23	CLE	28	17.0	26.1	3.1	6.3	0.491	0.9	2.5	0.366	2.1	3.7	0.577	0.566	1.6	2.2	0.71	1.4	2.0	3.4	2.0	0.8	0.4	0.9	2.3	8.6
353.0	Kelly	Olynyk	C	32	UTA	37	8.0	21.3	2.9	5.2	0.565	0.8	1.8	0.433	2.1	3.4	0.637	0.641	1.5	1.8	0.877	1.4	3.7	5.1	4.5	0.9	0.3	1.7	2.7	8.2
354.0	Eugene	Omoruyi	SF	26	WAS	19	0.0	5.8	1.7	2.9	0.582	0.3	0.9	0.294	1.4	2.0	0.711	0.627	0.8	1.1	0.762	0.6	0.9	1.5	0.6	0.5	0.1	0.5	1.1	4.5
355.0	Cedi	Osman	SF	28	SAS	36	1.0	18.5	2.9	6.1	0.47	1.2	3.3	0.356	1.7	2.8	0.604	0.566	0.8	1.1	0.675	0.4	2.2	2.6	1.9	0.5	0.1	0.6	1.5	7.6
356.0	Kelly	Oubre	Jr.	SF	28	PHI	25.0	14.0	27.2	5.0	10.6	0.466	1.7	4.7	0.364	3.2	5.9	0.547	0.547	1.8	2.4	0.738	1.0	3.1	4.2	1.1	1.2	0.4	0.9	2.4
357.0	Chris	Paul	PG	38	GSW	32	11.0	27.6	3.3	7.7	0.424	1.3	3.7	0.361	1.9	3.9	0.484	0.512	1.1	1.3	0.833	0.3	3.5	3.8	7.2	1.1	0.1	1.2	1.8	8.9
358.0	Cameron	Payne	PG	29	MIL	37	2.0	15.4	2.1	4.6	0.459	1.1	2.8	0.382	1.1	1.8	0.574	0.574	0.8	0.9	0.886	0.1	1.1	1.2	2.4	0.4	0.1	0.8	1.7	6.1
359.0	Gary	Payton	II	SG	31	GSW	16.0	0.0	16.3	2.3	4.9	0.456	0.6	2.0	0.281	1.7	2.9	0.574	0.513	0.4	0.6	0.667	1.0	2.0	3.0	0.8	1.1	0.3	0.6	1.8
362.0	Julian	Phillips	SF	20	CHI	21	0.0	4.5	0.4	1.1	0.333	0.0	0.6	0.083	0.3	0.6	0.583	0.354	0.0	0.2	0.25	0.1	0.4	0.5	0.3	0.0	0.1	0.1	0.6	0.9
363.0	Jalen	Pickett	SG	24	DEN	15	0.0	6.0	0.7	1.7	0.44	0.5	1.2	0.389	0.3	0.5	0.571	0.58	0.1	0.1	1.0	0.1	0.7	0.7	0.7	0.2	0.0	0.4	0.5	2.1
365.0	Brandin	Podziemski	SG	20	GSW	31	9.0	23.8	3.5	7.6	0.455	1.4	3.3	0.408	2.1	4.3	0.492	0.545	0.7	1.1	0.618	1.5	3.9	5.5	3.2	0.9	0.2	1.3	1.8	8.9
367.0	Aleksej	Pokusevski	PF	22	OKC	7	0.0	6.1	0.3	1.6	0.182	0.1	1.1	0.125	0.1	0.4	0.333	0.227	0.1	0.3	0.5	0.3	0.9	1.1	0.7	0.0	0.1	0.4	0.7	0.9
368.0	Jordan	Poole	SG	24	WAS	36	36.0	29.1	6.0	14.6	0.414	2.0	6.4	0.316	4.0	8.1	0.491	0.484	2.8	3.2	0.853	0.4	1.9	2.4	3.7	1.0	0.3	2.4	3.1	16.8
369.0	Craig	Porter	Jr.	PG	23	CLE	25.0	5.0	15.9	3.0	5.9	0.503	0.3	0.8	0.35	2.7	5.1	0.528	0.527	1.0	1.5	0.658	0.6	2.1	2.7	3.2	0.7	0.5	1.1	1.0
370.0	Jontay	Porter	PF	24	TOR	5	0.0	12.2	1.6	3.8	0.421	0.6	2.4	0.25	1.0	1.4	0.714	0.5	0.4	0.4	1.0	1.0	2.0	3.0	1.6	0.4	0.4	0.8	1.8	4.2
371.0	Michael	Porter	Jr.	SF	25	DEN	39.0	39.0	30.9	6.2	13.0	0.473	2.7	6.9	0.394	3.4	6.1	0.563	0.578	1.0	1.3	0.776	1.3	5.8	7.1	1.4	0.4	0.7	1.0	1.9
372.0	Otto	Porter	Jr.	SF	30	TOR	15.0	1.0	11.6	0.9	2.2	0.424	0.5	1.5	0.348	0.4	0.7	0.6	0.545	0.2	0.2	1.0	0.4	1.5	1.9	0.5	0.3	0.3	0.1	1.3
373.0	Bobby	Portis	PF	28	MIL	38	0.0	23.5	5.1	10.1	0.501	1.1	2.9	0.364	4.0	7.2	0.556	0.553	1.2	1.6	0.767	1.7	5.1	6.7	1.0	0.7	0.5	0.9	2.6	12.4
374.0	Kristaps	Porziņģis	C	28	BOS	28	28.0	29.7	6.5	12.3	0.528	1.6	4.9	0.319	4.9	7.4	0.667	0.591	4.7	5.6	0.835	1.6	5.3	6.8	1.9	0.7	1.8	1.5	2.8	19.3
376.0	Dwight	Powell	C	32	DAL	36	7.0	15.8	1.6	2.3	0.711	0.0	0.1	0.5	1.6	2.3	0.716	0.717	1.4	1.9	0.754	1.7	2.1	3.8	1.6	0.5	0.4	0.5	2.1	4.8
377.0	Norman	Powell	SG	30	LAC	37	0.0	25.6	4.6	9.3	0.493	2.0	4.5	0.455	2.6	4.9	0.528	0.601	2.1	2.4	0.898	0.2	2.2	2.4	1.0	0.6	0.4	0.9	1.8	13.4
379.0	Taurean	Prince	PF	29	LAL	37	37.0	30.9	3.5	8.3	0.427	2.2	5.6	0.392	1.3	2.6	0.5	0.56	0.6	0.8	0.742	0.3	2.7	3.0	1.8	0.9	0.5	0.9	2.2	9.9
380.0	Payton	Pritchard	PG	26	BOS	38	0.0	20.8	2.8	6.6	0.418	1.7	4.5	0.371	1.1	2.1	0.519	0.544	0.5	0.7	0.741	1.0	2.2	3.2	3.0	0.4	0.1	0.6	1.2	7.7
381.0	Olivier-Maxence	Prosper	PF	21	DAL	23	0.0	9.3	1.0	2.7	0.349	0.3	1.3	0.258	0.6	1.4	0.438	0.413	0.8	1.2	0.704	0.7	1.6	2.3	0.8	0.1	0.1	0.2	0.7	3.1
382.0	Trevelin	Queen	SG	26	ORL	5	0.0	21.0	1.6	4.4	0.364	0.6	1.8	0.333	1.0	2.6	0.385	0.432	0.8	1.0	0.8	0.6	1.6	2.2	2.2	1.2	0.4	0.6	2.4	4.6
384.0	Immanuel	Quickley	SG-PG	24	TOT	36	6.0	25.2	5.3	11.8	0.449	2.3	5.6	0.408	3.0	6.2	0.486	0.546	2.9	3.3	0.866	0.2	2.7	2.9	3.1	0.6	0.1	1.0	1.6	15.7
386.0	Julius	Randle	PF	29	NYK	38	38.0	35.6	8.7	18.4	0.474	1.5	5.1	0.292	7.2	13.3	0.545	0.515	5.4	7.0	0.777	2.0	7.2	9.2	4.8	0.6	0.3	3.3	2.7	24.4
387.0	Duop	Reath	C	27	POR	25	8.0	17.0	3.2	7.0	0.451	1.4	3.7	0.366	1.8	3.3	0.549	0.549	1.1	1.3	0.848	1.4	2.5	3.9	1.0	0.5	0.4	0.8	2.2	8.8
388.0	Austin	Reaves	SG	25	LAL	39	14.0	30.0	5.2	10.8	0.48	1.6	4.6	0.343	3.6	6.2	0.58	0.552	3.1	3.6	0.878	0.9	3.4	4.3	5.2	0.9	0.1	2.2	1.7	15.1
389.0	Cam	Reddish	SF	24	LAL	32	25.0	23.9	2.3	6.0	0.393	0.9	2.8	0.341	1.4	3.2	0.437	0.471	1.1	1.3	0.833	0.6	1.9	2.5	1.4	1.3	0.3	0.9	1.6	6.7
390.0	Paul	Reed	C	24	PHI	36	7.0	15.4	2.5	4.5	0.559	0.2	0.5	0.353	2.3	4.0	0.583	0.578	0.6	0.9	0.719	1.8	2.8	4.5	1.2	0.7	0.7	0.8	2.2	5.8
391.0	Naz	Reid	C	24	MIN	37	0.0	22.7	4.8	9.6	0.504	1.9	4.8	0.401	2.9	4.8	0.607	0.604	1.2	1.5	0.852	1.1	3.8	5.0	1.1	0.6	0.6	1.3	2.0	12.8
392.0	Jared	Rhoden	SG	24	DET	5	0.0	6.0	1.0	1.8	0.556	0.2	0.8	0.25	0.8	1.0	0.8	0.611	0.4	0.4	1.0	0.2	0.6	0.8	0.6	0.0	0.0	0.4	0.8	2.6
394.0	Josh	Richardson	SG	30	MIA	28	4.0	27.3	3.6	8.1	0.439	1.5	4.4	0.339	2.1	3.7	0.558	0.531	1.4	1.5	0.929	0.4	2.3	2.8	3.0	0.6	0.3	1.0	1.8	10.0
395.0	Duncan	Robinson	SF	29	MIA	35	16.0	29.0	4.8	10.5	0.455	3.0	7.2	0.414	1.8	3.3	0.543	0.597	1.4	1.6	0.86	0.3	2.3	2.6	3.1	0.6	0.2	1.3	2.4	13.9
396.0	Jerome	Robinson	SG	26	GSW	5	0.0	3.8	0.0	1.4	0.0	0.0	0.8	0.0	0.0	0.6	0.0	0.0	0.6	0.8	0.75	0.2	0.4	0.6	0.2	0.0	0.2	0.0	0.2	0.6
398.0	Orlando	Robinson	C	23	MIA	15	7.0	14.3	2.1	3.9	0.525	0.5	0.8	0.583	1.6	3.1	0.511	0.585	0.7	1.1	0.688	1.2	2.7	3.9	1.6	0.3	0.5	0.9	1.9	5.3
399.0	Jeremiah	Robinson-Earl	PF	23	NOP	16	1.0	10.8	1.6	2.9	0.553	0.5	1.1	0.444	1.1	1.8	0.621	0.638	0.4	0.4	1.0	0.7	1.9	2.6	0.6	0.3	0.2	0.5	0.8	4.1
400.0	David	Roddy	PF	22	MEM	34	8.0	21.6	2.8	6.9	0.4	0.9	3.1	0.286	1.9	3.8	0.492	0.464	0.9	1.3	0.711	0.9	2.8	3.6	1.2	0.5	0.3	0.9	1.2	7.4
401.0	Ryan	Rollins	PG	21	WAS	10	0.0	6.6	1.3	2.5	0.52	0.2	0.3	0.667	1.1	2.2	0.5	0.56	1.3	1.7	0.765	0.2	0.9	1.1	1.1	0.8	0.3	0.7	0.7	4.1
402.0	Derrick	Rose	PG	35	MEM	17	7.0	17.9	3.3	7.5	0.438	0.6	1.9	0.333	2.6	5.6	0.474	0.48	1.1	1.2	0.905	0.4	1.4	1.8	3.4	0.4	0.1	1.3	1.1	8.4
403.0	Terry	Rozier	SG	29	CHO	24	24.0	36.0	8.7	18.7	0.463	2.8	7.6	0.372	5.8	11.1	0.526	0.539	4.1	4.7	0.875	0.5	3.3	3.8	7.0	1.1	0.4	2.2	1.8	24.3
404.0	Rayan	Rupert	SG	19	POR	11	0.0	7.1	0.6	2.5	0.25	0.3	1.0	0.273	0.4	1.5	0.235	0.304	0.2	0.4	0.5	0.3	0.8	1.1	0.6	0.2	0.0	0.5	0.4	1.7
405.0	D'Angelo	Russell	PG	27	LAL	35	28.0	28.7	5.6	12.0	0.464	2.1	5.3	0.385	3.5	6.7	0.528	0.55	1.5	2.1	0.75	0.3	2.5	2.7	6.1	0.8	0.5	1.9	1.9	14.7
406.0	Matt	Ryan	SF	26	NOP	13	1.0	22.9	2.9	6.4	0.458	2.5	5.2	0.471	0.5	1.2	0.4	0.651	1.0	1.1	0.929	0.4	1.9	2.3	1.1	0.4	0.1	1.2	1.8	9.3
407.0	Domantas	Sabonis	C	27	SAC	37	37.0	34.9	8.1	13.4	0.604	0.5	1.2	0.395	7.6	12.3	0.623	0.621	3.6	5.4	0.667	3.4	9.3	12.7	7.7	0.9	0.5	3.3	3.2	20.2
408.0	Luka	Šamanić	PF	24	UTA	17	0.0	6.6	1.2	3.1	0.377	0.3	1.2	0.25	0.9	1.9	0.455	0.425	0.5	0.6	0.818	0.4	1.7	2.1	0.2	0.1	0.1	0.5	0.6	3.2
409.0	Jermaine	Samuels	SF	25	HOU	6	0.0	6.3	0.8	1.2	0.714	0.0	0.3	0.0	0.8	0.8	1.0	0.714	0.3	0.3	1.0	0.2	1.2	1.3	0.3	0.2	0.2	0.0	0.5	2.0
411.0	Gui	Santos	PF	21	GSW	5	0.0	6.4	0.8	2.0	0.4	0.2	1.2	0.167	0.6	0.8	0.75	0.45	1.2	1.2	1.0	0.8	1.4	2.2	0.4	0.0	0.0	0.4	0.6	3.0
412.0	Dario	Šarić	C	29	GSW	37	4.0	20.2	3.6	7.6	0.473	1.5	3.8	0.39	2.1	3.8	0.557	0.571	1.6	1.9	0.871	1.5	4.1	5.6	2.2	0.6	0.2	1.2	2.2	10.3
413.0	Olivier	Sarr	C	24	OKC	8	0.0	8.4	0.8	1.4	0.545	0.3	0.6	0.4	0.5	0.8	0.667	0.636	0.8	1.0	0.75	0.8	2.5	3.3	0.3	0.0	0.6	0.3	1.8	2.5
414.0	Marcus	Sasser	PG	23	DET	34	0.0	15.6	2.6	5.6	0.468	1.1	2.6	0.416	1.5	3.0	0.515	0.566	0.6	0.7	0.88	0.1	1.4	1.6	2.4	0.6	0.2	0.8	1.3	7.0
415.0	Admiral	Schofield	PF	26	ORL	11	0.0	4.0	0.5	1.2	0.385	0.2	0.7	0.25	0.3	0.5	0.6	0.462	0.0	0.2	0.0	0.1	0.5	0.5	0.4	0.0	0.0	0.4	0.6	1.1
416.0	Dennis	Schröder	PG	30	TOR	38	31.0	31.9	5.3	11.7	0.454	1.6	4.4	0.349	3.7	7.2	0.518	0.52	2.6	3.0	0.851	0.5	2.3	2.8	6.7	0.9	0.1	1.6	2.1	14.7
417.0	Dereon	Seabron	SG	23	NOP	5	0.0	10.4	0.8	2.6	0.308	0.2	0.4	0.5	0.6	2.2	0.273	0.346	1.0	1.2	0.833	0.2	1.2	1.4	0.8	0.4	0.2	0.0	0.8	2.8
418.0	Alperen	Şengün	C	21	HOU	36	36.0	32.3	8.5	15.8	0.54	0.6	2.1	0.286	7.9	13.6	0.58	0.559	3.9	5.5	0.721	2.6	6.4	9.0	5.0	1.2	0.7	2.5	3.4	21.6
420.0	Collin	Sexton	SG	25	UTA	39	16.0	23.5	5.5	11.5	0.479	1.3	3.8	0.347	4.2	7.7	0.543	0.536	3.8	4.3	0.888	0.8	1.8	2.6	3.8	0.7	0.2	1.8	2.0	16.2
421.0	Landry	Shamet	SG	26	WAS	22	0.0	16.0	2.8	6.2	0.453	1.3	3.5	0.372	1.5	2.7	0.559	0.558	0.7	1.0	0.652	0.1	1.2	1.3	1.4	0.6	0.3	0.7	1.7	7.6
422.0	Day'Ron	Sharpe	C	22	BRK	37	1.0	16.0	3.0	5.2	0.575	0.0	0.2	0.143	3.0	5.0	0.591	0.578	1.5	2.4	0.614	2.8	4.2	7.0	1.4	0.5	0.9	1.0	2.3	7.5
423.0	Shaedon	Sharpe	SG	20	POR	32	25.0	33.1	5.5	13.6	0.406	1.9	5.6	0.333	3.6	7.9	0.457	0.475	3.1	3.7	0.824	1.3	3.7	5.0	2.9	0.9	0.4	2.3	2.8	15.9
424.0	Ben	Sheppard	SG	22	IND	16	0.0	6.6	1.0	2.4	0.421	0.5	1.6	0.32	0.5	0.8	0.615	0.526	0.3	0.4	0.667	0.1	0.5	0.6	0.6	0.3	0.0	0.1	0.7	2.8
425.0	Pascal	Siakam	PF	29	TOR	37	37.0	34.8	8.4	16.1	0.525	1.1	3.6	0.308	7.3	12.5	0.588	0.56	4.2	5.6	0.754	1.4	5.0	6.4	5.0	0.8	0.3	2.2	2.3	22.2
427.0	Anfernee	Simons	SG	24	POR	16	16.0	32.4	8.2	19.0	0.431	3.4	8.8	0.39	4.8	10.2	0.466	0.521	4.1	4.6	0.904	0.6	2.9	3.4	5.1	0.6	0.1	2.4	1.9	23.9
432.0	Marcus	Smart	PG	29	MEM	20	20.0	30.3	5.1	11.9	0.43	2.1	6.7	0.313	3.0	5.2	0.583	0.519	2.2	2.8	0.768	0.3	2.4	2.7	4.3	2.1	0.3	3.1	2.7	14.5
433.0	Dennis	Smith	Jr.	PG	26	BRK	23.0	1.0	19.6	2.8	6.7	0.419	0.5	1.9	0.273	2.3	4.8	0.477	0.458	1.0	1.3	0.828	0.9	2.4	3.3	4.2	1.0	0.2	1.0	2.5
434.0	Dru	Smith	SG	26	MIA	9	0.0	14.6	1.7	3.7	0.455	0.8	1.9	0.412	0.9	1.8	0.5	0.561	0.2	0.2	1.0	0.7	0.9	1.6	1.6	1.0	0.3	0.6	1.3	4.3
435.0	Ish	Smith	PG	35	CHO	29	2.0	16.8	1.8	3.8	0.477	0.1	0.2	0.333	1.8	3.6	0.486	0.486	0.1	0.1	1.0	0.3	1.3	1.7	3.1	0.3	0.1	1.3	1.1	3.8
436.0	Jabari	Smith	Jr.	PF	20	HOU	35.0	35.0	31.3	4.9	10.3	0.474	1.8	4.6	0.388	3.1	5.7	0.542	0.56	1.9	2.3	0.825	1.9	6.9	8.8	1.5	0.5	0.8	1.3	3.1
437.0	Jalen	Smith	C	23	IND	24	8.0	17.2	3.9	6.1	0.637	1.1	2.3	0.482	2.8	3.8	0.733	0.729	1.4	1.9	0.717	1.4	4.0	5.4	1.0	0.3	0.5	0.9	2.3	10.3
438.0	Nick	Smith	Jr.	SG	19	CHO	20.0	0.0	14.3	2.7	6.2	0.439	1.5	3.2	0.476	1.2	3.0	0.4	0.561	0.2	0.2	0.75	0.5	0.9	1.4	0.9	0.2	0.4	0.8	1.2
439.0	Jeremy	Sochan	PF	20	SAS	36	35.0	29.1	4.3	9.8	0.433	0.9	2.6	0.37	3.3	7.3	0.456	0.482	1.5	1.9	0.771	1.5	4.0	5.5	3.9	0.6	0.3	2.0	2.4	10.9
440.0	Jaden	Springer	SG	21	PHI	23	0.0	10.2	1.1	3.2	0.351	0.2	1.1	0.2	0.9	2.1	0.429	0.385	0.6	0.8	0.722	0.8	0.6	1.4	1.0	0.6	0.4	0.8	1.4	3.0
441.0	Lamar	Stevens	PF	26	BOS	14	1.0	6.5	1.1	2.3	0.469	0.1	0.5	0.286	0.9	1.8	0.52	0.5	0.4	0.6	0.75	0.6	1.1	1.6	0.4	0.4	0.4	0.4	0.9	2.7
442.0	Isaiah	Stewart	PF	22	DET	28	28.0	30.7	3.9	8.2	0.472	1.4	3.5	0.398	2.5	4.7	0.527	0.557	1.3	1.7	0.745	1.9	5.2	7.0	1.7	0.3	0.6	1.5	2.6	10.4
443.0	Julian	Strawther	SF	21	DEN	33	0.0	13.9	2.2	5.6	0.384	1.1	3.5	0.322	1.0	2.1	0.486	0.484	0.5	0.7	0.696	0.1	1.4	1.5	1.1	0.5	0.2	0.5	1.4	5.9
444.0	Max	Strus	SF	27	CLE	37	37.0	33.8	4.8	11.9	0.401	2.8	8.0	0.345	2.0	3.9	0.517	0.517	1.1	1.3	0.796	0.7	4.2	4.9	3.8	0.9	0.5	1.7	2.8	13.4
445.0	Jalen	Suggs	SG	22	ORL	33	33.0	27.3	4.8	10.5	0.464	2.2	5.3	0.403	2.7	5.1	0.527	0.567	1.8	2.4	0.769	0.7	2.8	3.4	2.5	1.5	0.7	2.1	2.9	13.7
447.0	Jae'Sean	Tate	SF	28	HOU	34	8.0	19.4	2.0	4.1	0.489	0.5	1.6	0.321	1.5	2.5	0.6	0.553	0.6	0.8	0.714	1.1	2.6	3.6	1.1	0.8	0.2	0.4	2.6	5.2
448.0	Jayson	Tatum	PF	25	BOS	35	35.0	36.0	9.2	19.3	0.479	3.2	8.5	0.372	6.1	10.8	0.562	0.561	5.7	7.1	0.814	0.9	7.4	8.3	4.4	1.0	0.5	2.8	2.1	27.4
449.0	Terry	Taylor	PF	24	CHI	14	0.0	7.1	0.9	1.4	0.6	0.0	0.3	0.0	0.9	1.1	0.75	0.6	0.1	0.1	1.0	0.8	0.4	1.2	0.2	0.2	0.1	0.4	0.7	1.8
450.0	Garrett	Temple	SG	37	TOR	8	0.0	3.9	0.8	1.0	0.75	0.3	0.3	1.0	0.5	0.8	0.667	0.875	0.3	0.3	1.0	0.0	0.5	0.5	0.5	0.1	0.0	0.1	0.3	2.0
451.0	Dalen	Terry	SG	21	CHI	23	1.0	10.3	0.8	2.0	0.413	0.3	1.1	0.231	0.6	0.9	0.65	0.478	0.5	0.6	0.786	0.3	1.4	1.7	1.3	0.2	0.3	0.5	1.2	2.4
452.0	Daniel	Theis	C	31	TOT	27	0.0	16.3	2.6	5.1	0.511	0.4	0.9	0.417	2.2	4.2	0.531	0.547	0.9	1.2	0.758	1.5	1.9	3.4	0.8	0.4	0.8	0.7	2.3	6.5
453.0	Cam	Thomas	SG	22	BRK	29	20.0	28.7	7.6	17.5	0.431	1.9	5.4	0.353	5.7	12.1	0.466	0.485	3.5	4.4	0.797	0.3	2.3	2.6	2.1	0.6	0.3	1.6	1.9	20.5
454.0	Amen	Thompson	SF	21	HOU	17	0.0	15.5	2.1	4.8	0.427	0.2	1.5	0.154	1.8	3.3	0.554	0.451	1.1	1.8	0.613	0.6	2.8	3.4	1.9	0.8	0.2	1.2	1.9	5.5
455.0	Ausar	Thompson	SF	21	DET	38	24.0	23.8	3.3	7.5	0.444	0.2	1.7	0.138	3.1	5.8	0.534	0.46	1.3	1.9	0.676	2.1	4.6	6.7	2.1	0.9	1.0	1.4	3.1	8.2
456.0	Klay	Thompson	SF	33	GSW	36	36.0	30.1	6.0	13.9	0.428	3.2	8.4	0.385	2.8	5.6	0.493	0.544	1.9	2.1	0.907	0.5	3.1	3.6	2.2	0.5	0.5	1.7	1.9	17.1
458.0	JT	Thor	PF	21	CHO	29	1.0	15.0	1.3	3.6	0.365	0.5	1.6	0.298	0.8	2.0	0.421	0.433	0.1	0.2	0.429	0.9	1.7	2.7	0.4	0.2	0.4	0.2	1.1	3.2
459.0	Matisse	Thybulle	SF	26	POR	36	13.0	23.0	2.0	4.8	0.419	1.4	3.8	0.37	0.6	0.9	0.618	0.567	0.3	0.4	0.786	0.4	1.6	2.1	1.1	1.6	0.9	0.6	1.2	5.7
460.0	Xavier	Tillman	Sr.	C	25	MEM	25.0	8.0	18.7	2.3	5.8	0.393	0.4	1.6	0.244	1.9	4.2	0.452	0.428	0.4	1.0	0.385	1.7	2.9	4.6	1.4	1.0	0.9	0.8	1.6
462.0	Obi	Toppin	PF	25	IND	37	28.0	23.9	4.5	7.8	0.579	1.4	3.5	0.408	3.1	4.3	0.719	0.671	1.1	1.5	0.764	1.1	2.9	3.9	1.5	0.5	0.5	0.8	2.2	11.6
464.0	Karl-Anthony	Towns	PF	28	MIN	36	36.0	33.0	7.8	15.4	0.505	1.9	4.8	0.407	5.9	10.7	0.549	0.568	4.2	4.7	0.899	1.6	7.4	9.0	3.1	0.8	0.6	2.9	3.4	21.8
465.0	Gary	Trent	Jr.	SG	25	TOR	34.0	5.0	25.8	4.2	10.2	0.411	2.2	5.6	0.397	2.0	4.7	0.428	0.519	0.8	1.3	0.651	0.3	2.0	2.3	1.6	0.8	0.1	0.6	1.1
467.0	P.J.	Tucker	PF	38	TOT	15	3.0	15.9	0.4	1.3	0.316	0.3	1.1	0.313	0.1	0.2	0.333	0.447	0.2	0.2	1.0	1.1	1.8	2.9	0.5	0.6	0.2	0.3	2.3	1.3
468.0	Myles	Turner	C	27	IND	36	36.0	27.8	6.3	11.9	0.53	1.4	4.0	0.345	4.9	7.9	0.625	0.589	3.6	4.4	0.811	1.9	5.6	7.4	1.3	0.5	2.0	1.4	3.1	17.6
470.0	Stanley	Umude	SG	24	DET	15	0.0	10.3	1.3	2.9	0.455	0.9	1.8	0.519	0.4	1.1	0.353	0.614	1.4	1.5	0.913	0.2	1.7	1.9	0.5	0.3	0.3	0.7	1.6	5.0
471.0	Jonas	Valančiūnas	C	31	NOP	38	38.0	26.8	5.7	9.8	0.575	0.7	1.9	0.38	4.9	8.0	0.62	0.611	2.2	2.7	0.798	2.4	7.3	9.7	2.3	0.6	1.2	1.5	3.2	14.2
472.0	Jarred	Vanderbilt	PF	24	LAL	18	5.0	18.4	1.2	3.2	0.368	0.1	1.0	0.111	1.1	2.2	0.487	0.386	0.3	0.6	0.5	1.3	3.1	4.4	1.0	0.7	0.2	0.6	1.5	2.7
473.0	Fred	VanVleet	PG	29	HOU	35	35.0	37.4	5.7	14.2	0.404	3.1	8.0	0.394	2.6	6.2	0.417	0.515	2.9	3.4	0.873	0.3	3.6	3.9	8.5	1.1	0.7	1.7	1.9	17.6
474.0	Devin	Vassell	SG	23	SAS	31	25.0	30.6	6.9	14.5	0.472	2.6	7.0	0.378	4.2	7.5	0.56	0.563	2.3	2.8	0.814	0.4	3.0	3.4	3.1	1.3	0.2	1.2	1.1	18.6
475.0	Sasha	Vezenkov	PF	28	SAC	28	0.0	13.2	2.1	4.8	0.436	1.1	3.0	0.357	1.0	1.8	0.571	0.549	0.2	0.3	0.75	0.8	1.8	2.6	0.5	0.5	0.2	0.3	1.0	5.4
476.0	Gabe	Vincent	PG	27	LAL	5	0.0	25.4	2.4	6.4	0.375	0.4	3.4	0.118	2.0	3.0	0.667	0.406	0.2	0.4	0.5	0.4	0.6	1.0	3.0	1.2	0.0	0.4	2.4	5.4
477.0	Nikola	Vučević	C	33	CHI	34	32.0	33.8	7.1	15.5	0.457	1.1	3.9	0.269	6.0	11.6	0.522	0.491	1.4	1.6	0.875	2.7	7.7	10.4	3.4	0.8	0.7	1.6	2.7	16.7
478.0	Dean	Wade	PF	27	CLE	30	23.0	21.8	1.7	4.2	0.394	1.3	3.6	0.364	0.4	0.7	0.55	0.547	0.5	0.6	0.833	1.0	3.5	4.5	0.9	0.9	0.3	0.5	2.2	5.1
479.0	Franz	Wagner	SF	22	ORL	34	34.0	33.4	7.7	16.5	0.467	1.4	4.8	0.288	6.3	11.7	0.54	0.509	4.1	4.8	0.852	1.1	4.8	5.9	3.9	1.1	0.4	1.9	2.3	20.9
480.0	Moritz	Wagner	C	26	ORL	37	1.0	19.4	4.5	7.5	0.594	0.6	1.8	0.318	3.9	5.7	0.679	0.631	2.0	2.6	0.781	1.6	3.1	4.7	1.2	0.5	0.3	1.2	2.3	11.5
481.0	Ish	Wainright	SF	29	POR	7	0.0	6.6	0.9	2.6	0.333	0.9	2.3	0.375	0.0	0.3	0.0	0.5	0.3	0.3	1.0	0.0	1.3	1.3	0.0	0.3	0.1	0.1	0.6	2.9
482.0	Jabari	Walker	SF	21	POR	33	0.0	18.8	2.9	5.9	0.485	0.5	1.8	0.267	2.4	4.1	0.581	0.526	1.8	2.3	0.766	1.8	3.6	5.5	0.8	0.7	0.4	0.9	2.3	8.0
483.0	Jarace	Walker	PF	20	IND	12	0.0	8.3	1.3	2.8	0.441	0.4	1.2	0.357	0.8	1.7	0.5	0.515	0.5	0.6	0.857	0.2	0.9	1.1	1.1	0.3	0.3	0.3	1.0	3.4
484.0	Lonnie	Walker	IV	SG	25	BRK	20.0	0.0	20.0	4.8	9.9	0.487	2.4	5.2	0.466	2.4	4.7	0.511	0.609	1.5	1.9	0.763	0.2	2.3	2.5	1.5	0.6	0.4	1.3	1.1
485.0	Cason	Wallace	SG	20	OKC	37	6.0	21.5	2.6	5.1	0.516	1.1	2.6	0.417	1.6	2.5	0.617	0.621	0.5	0.6	0.857	0.5	1.6	2.2	1.5	0.6	0.5	0.5	1.7	6.9
486.0	P.J.	Washington	PF	25	CHO	30	13.0	28.6	4.9	11.5	0.424	1.8	5.6	0.314	3.1	5.8	0.531	0.501	1.5	2.0	0.763	1.2	4.0	5.2	2.3	0.9	0.7	1.5	2.5	13.0
487.0	TyTy	Washington	Jr.	PG	22	MIL	2.0	0.0	3.0	0.5	1.5	0.333	0.5	1.0	0.5	0.0	0.5	0.0	0.5	0.0	0.0	0.0	0.5	0.5	0.0	0.5	0.0	1.0	0.0	1.5
488.0	Yuta	Watanabe	SF	29	PHO	25	0.0	14.6	1.2	3.7	0.337	0.9	2.9	0.315	0.3	0.8	0.421	0.462	0.4	0.6	0.667	0.4	1.3	1.7	0.4	0.3	0.3	0.6	1.3	3.8
489.0	Lindy	Waters	III	SG	26	OKC	14.0	0.0	7.9	1.1	2.6	0.432	1.1	2.5	0.429	0.1	0.1	0.5	0.635	0.0	0.0	0.1	0.8	0.9	0.6	0.0	0.1	0.1	0.7	3.4
490.0	Trendon	Watford	PF	23	BRK	27	0.0	13.0	2.6	4.7	0.548	0.3	0.9	0.348	2.3	3.8	0.592	0.579	0.9	1.1	0.828	1.0	2.2	3.2	1.7	0.5	0.3	0.9	1.7	6.3
491.0	Peyton	Watson	SF	21	DEN	37	2.0	17.7	2.6	5.4	0.49	0.7	2.0	0.342	2.0	3.4	0.575	0.553	1.0	1.5	0.704	0.6	2.1	2.7	1.0	0.5	0.8	0.5	1.7	7.0
492.0	Victor	Wembanyama	PF	20	SAS	32	32.0	28.9	7.1	15.8	0.447	1.4	5.0	0.288	5.6	10.8	0.52	0.492	3.7	4.6	0.796	2.1	8.1	10.2	3.1	1.2	3.2	3.1	2.3	19.2
493.0	Blake	Wesley	SG	20	SAS	15	0.0	8.2	1.1	2.3	0.5	0.0	0.4	0.0	1.1	1.9	0.607	0.5	0.5	1.0	0.467	0.2	0.6	0.8	1.5	0.3	0.1	0.3	1.2	2.7
494.0	Russell	Westbrook	PG	35	LAC	37	10.0	23.1	4.4	9.5	0.459	0.6	2.3	0.271	3.8	7.2	0.519	0.492	1.4	2.2	0.654	1.5	4.4	5.9	4.6	1.1	0.5	2.2	1.9	10.8
495.0	Coby	White	PG	23	CHI	39	39.0	35.4	6.5	14.6	0.449	2.9	7.3	0.402	3.6	7.2	0.496	0.55	2.4	2.9	0.826	0.4	4.0	4.5	4.9	0.7	0.3	2.1	2.5	18.5
496.0	Derrick	White	SG	29	BOS	35	35.0	32.0	5.3	11.3	0.472	2.6	6.3	0.405	2.7	4.9	0.558	0.586	2.6	2.9	0.9	0.7	3.3	4.0	5.0	1.1	1.2	1.7	2.3	15.8
497.0	Cam	Whitmore	SF	19	HOU	13	0.0	12.8	3.4	6.3	0.537	1.1	2.5	0.424	2.3	3.8	0.612	0.622	1.1	1.6	0.667	0.5	2.2	2.7	0.3	0.8	0.1	0.8	1.2	8.9
498.0	Aaron	Wiggins	SG	25	OKC	35	0.0	12.3	1.9	3.3	0.581	0.5	1.0	0.486	1.5	2.3	0.622	0.654	0.6	0.8	0.741	0.6	1.6	2.2	0.7	0.4	0.1	0.5	1.1	4.9
499.0	Andrew	Wiggins	SF	28	GSW	33	22.0	25.8	4.5	10.7	0.418	0.9	3.2	0.298	3.5	7.5	0.468	0.462	1.9	2.7	0.689	1.7	2.4	4.1	1.3	0.3	0.4	1.5	2.3	11.7
500.0	Lindell	Wigginton	PG	25	MIL	3	0.0	2.7	0.7	1.7	0.4	0.0	0.7	0.0	0.7	1.0	0.667	0.4	0.7	0.7	1.0	0.0	0.0	0.0	0.0	0.0	0.0	0.3	0.3	2.0
501.0	Brandon	Williams	PG	24	DAL	4	0.0	6.5	1.0	2.0	0.5	0.3	0.3	1.0	0.8	1.8	0.429	0.563	0.5	1.3	0.4	0.5	0.5	1.0	1.0	0.3	0.3	0.5	0.3	2.8
502.0	Grant	Williams	PF	25	DAL	35	27.0	27.1	2.9	7.0	0.418	1.8	4.7	0.378	1.1	2.3	0.5	0.545	0.8	1.2	0.69	1.1	2.6	3.6	1.6	0.4	0.7	1.0	2.8	8.4
503.0	Jalen	Williams	PF	22	OKC	34	34.0	31.7	7.0	12.9	0.547	1.3	3.0	0.446	5.7	9.9	0.577	0.598	2.9	3.5	0.831	0.5	3.7	4.1	4.4	1.0	0.5	1.9	2.6	18.3
504.0	Jaylin	Williams	C	21	OKC	31	0.0	11.7	1.2	3.1	0.381	0.7	2.0	0.349	0.5	1.1	0.441	0.495	0.5	0.5	0.933	0.4	2.7	3.2	1.4	0.4	0.2	0.4	1.5	3.5
505.0	Jeenathan	Williams	SG	24	HOU	4	0.0	5.5	1.5	2.8	0.545	0.0	0.5	0.0	1.5	2.3	0.667	0.545	0.3	0.5	0.5	0.0	0.0	0.0	0.5	0.3	0.0	0.0	0.5	3.3
506.0	Kenrich	Williams	PF	29	OKC	26	0.0	15.3	1.8	3.8	0.48	0.8	1.9	0.429	1.0	1.9	0.531	0.587	0.1	0.4	0.3	0.7	2.0	2.7	1.6	0.5	0.1	0.4	1.6	4.5
508.0	Patrick	Williams	PF	22	CHI	38	27.0	27.3	3.7	8.2	0.448	1.3	3.2	0.41	2.3	4.9	0.473	0.529	1.2	1.6	0.767	1.1	2.8	3.9	1.4	0.9	0.8	1.3	1.8	9.8
510.0	Vince	Williams	Jr.	SG	23	MEM	27.0	8.0	21.9	1.8	4.7	0.375	1.2	3.5	0.351	0.6	1.3	0.441	0.504	1.1	1.3	0.833	1.1	4.0	5.1	1.8	0.6	0.6	0.9	2.4
511.0	Ziaire	Williams	SF	22	MEM	35	8.0	18.9	2.8	6.9	0.411	1.1	3.5	0.331	1.7	3.4	0.492	0.494	1.0	1.2	0.837	0.6	2.9	3.5	1.3	0.5	0.3	1.2	1.7	7.8
512.0	Zion	Williamson	PF	23	NOP	31	31.0	30.2	8.5	14.6	0.584	0.1	0.3	0.333	8.4	14.3	0.589	0.587	4.6	6.9	0.664	1.9	4.1	5.9	4.6	1.0	0.4	2.6	2.7	21.7
513.0	Jalen	Wilson	PF	23	BRK	11	0.0	9.5	1.5	2.9	0.5	0.2	0.7	0.25	1.3	2.2	0.583	0.531	1.4	1.4	1.0	1.4	0.8	2.2	0.8	0.3	0.1	0.3	0.8	4.5
515.0	James	Wiseman	C	22	DET	27	0.0	15.0	2.7	4.0	0.679	0.0	0.1	0.0	2.7	4.0	0.692	0.679	0.8	1.3	0.618	1.4	2.8	4.2	0.7	0.1	0.7	0.9	2.1	6.3
516.0	Christian	Wood	PF	28	LAL	33	1.0	19.2	2.6	5.4	0.48	0.8	2.4	0.338	1.8	3.0	0.596	0.556	1.3	2.0	0.667	0.9	4.7	5.6	1.0	0.2	0.7	1.2	1.6	7.4
517.0	Delon	Wright	PG	31	WAS	16	0.0	17.0	1.5	4.1	0.369	0.4	1.4	0.304	1.1	2.6	0.405	0.423	1.1	1.4	0.783	0.4	1.9	2.3	3.3	1.4	0.2	0.6	0.8	4.6
518.0	Thaddeus	Young	PF	35	TOR	10	2.0	8.7	1.6	2.6	0.615	0.1	0.3	0.333	1.5	2.3	0.652	0.635	0.1	0.3	0.333	0.6	1.0	1.6	1.4	0.7	0.1	0.7	0.8	3.4
519.0	Trae	Young	PG	25	ATL	34	34.0	36.6	8.6	20.0	0.429	3.4	9.3	0.362	5.2	10.8	0.486	0.512	7.3	8.5	0.855	0.4	2.6	3.0	11.0	1.4	0.2	4.3	2.0	27.8
520.0	Omer	Yurtseven	C	25	UTA	22	6.0	11.3	1.6	3.4	0.486	0.1	0.7	0.2	1.5	2.7	0.559	0.507	0.3	0.5	0.6	1.5	2.9	4.4	0.6	0.2	0.5	1.0	1.5	3.7
521.0	Cody	Zeller	C	31	NOP	28	0.0	9.0	0.7	1.8	0.388	0.0	0.1	0.333	0.6	1.6	0.391	0.398	0.7	1.2	0.606	1.2	1.6	2.8	1.1	0.1	0.1	0.4	1.3	2.1
