Rk,Player,Pos,Age,Tm,G,GS,MP,FG,FGA,FG%,3P,3PA,3P%,2P,2PA,2P%,eFG%,FT,FTA,FT%,ORB,DRB,TRB,AST,STL,BLK,TOV,PF,PTS
1.0,Precious Achiuwa,PF-C,24,TOT,53,14.0,22.5,3.3,6.8,0.49,0.4,1.5,0.25,2.9,5.3,0.559,0.518,1.0,1.6,0.627,2.7,3.9,6.6,1.4,0.6,0.8,1.1,1.9,8.0
2.0,Bam Adebayo,C,26,MIA,49,49.0,34.6,7.7,15.1,0.514,0.0,0.2,0.083,7.7,14.8,0.521,0.514,4.9,6.2,0.778,2.2,8.3,10.5,4.1,1.1,1.0,2.5,2.5,20.3
3.0,Ochai Agbaji,SG,23,TOT,59,10.0,18.9,2.1,4.8,0.427,0.9,2.7,0.327,1.2,2.1,0.556,0.519,0.4,0.5,0.778,0.7,1.7,2.3,0.9,0.5,0.5,0.7,1.3,5.4
4.0,Santi Aldama,PF,23,MEM,48,22.0,25.0,3.9,9.1,0.426,1.6,4.8,0.336,2.3,4.4,0.524,0.514,0.8,1.3,0.597,1.2,4.4,5.6,2.1,0.7,0.7,1.2,1.5,10.2
5.0,Nickeil Alexander-Walker,SG,25,MIN,60,16.0,23.1,2.6,6.1,0.422,1.4,3.9,0.369,1.1,2.2,0.515,0.54,0.6,0.7,0.767,0.4,1.6,2.0,2.6,0.8,0.6,1.0,1.8,7.1
6.0,Grayson Allen,SG,28,PHO,53,53.0,33.2,4.3,8.5,0.502,2.6,5.4,0.477,1.7,3.2,0.545,0.653,1.8,2.0,0.886,0.7,3.3,4.0,3.1,0.8,0.6,1.3,2.2,12.9
7.0,Jarrett Allen,C,25,CLE,54,54.0,31.1,6.4,10.2,0.634,0.0,0.1,0.0,6.4,10.1,0.64,0.634,2.9,3.9,0.733,3.4,7.1,10.5,2.7,0.8,1.1,1.7,2.2,15.7
8.0,Jose Alvarado,PG,25,NOP,40,0.0,17.0,2.6,6.1,0.418,1.3,3.5,0.355,1.3,2.6,0.505,0.52,0.7,1.0,0.675,0.4,1.8,2.2,2.0,1.1,0.4,0.8,1.5,7.0
9.0,Kyle Anderson,PF,30,MIN,58,4.0,22.0,2.4,5.1,0.473,0.1,0.6,0.206,2.3,4.5,0.508,0.485,1.2,1.7,0.7,0.8,2.8,3.5,4.1,0.8,0.5,1.3,1.5,6.2
10.0,Giannis Antetokounmpo,PF,29,MIL,59,59.0,34.9,11.5,18.6,0.619,0.5,1.7,0.301,11.0,16.8,0.652,0.633,7.3,11.0,0.661,2.6,8.7,11.3,6.3,1.3,1.0,3.4,2.9,30.8
11.0,Thanasis Antetokounmpo,PF,31,MIL,26,0.0,4.7,0.5,0.9,0.5,0.0,0.0,0.0,0.5,0.9,0.522,0.5,0.0,0.1,0.0,0.2,0.2,0.4,0.5,0.1,0.2,0.4,0.8,0.9
12.0,Cole Anthony,PG,23,ORL,59,0.0,23.1,4.1,9.5,0.433,1.1,3.2,0.33,3.1,6.3,0.487,0.489,2.6,3.1,0.831,0.9,3.1,4.0,3.1,0.8,0.4,1.7,2.5,11.9
13.0,OG Anunoby,SF,26,TOT,41,41.0,34.1,5.8,11.7,0.498,2.1,5.5,0.379,3.7,6.1,0.606,0.588,1.6,2.0,0.774,1.0,3.2,4.2,2.3,1.3,0.7,1.5,2.3,15.3
14.0,Ryan Arcidiacono,PG,29,NYK,20,0.0,2.3,0.0,0.3,0.0,0.0,0.3,0.0,0.0,0.0,0.0,0.0,0.0,0.0,0.4,0.4,0.2,0.1,0.0,0.1,0.3,0.0,,
15.0,Deni Avdija,SF,23,WAS,57,57.0,28.4,5.0,9.8,0.51,1.2,2.9,0.412,3.8,6.9,0.551,0.57,2.4,3.2,0.745,1.0,5.6,6.6,3.8,0.8,0.4,2.0,2.5,13.6
16.0,Deandre Ayton,C,25,POR,40,40.0,31.6,6.6,11.6,0.57,0.0,0.0,6.6,11.6,0.57,0.57,1.1,1.3,0.824,3.0,7.6,10.6,1.7,1.1,0.8,1.7,2.2,14.3,
17.0,Udoka Azubuike,C,24,PHO,14,0.0,7.6,1.1,1.6,0.727,0.0,0.0,1.1,1.6,0.727,0.727,0.2,0.8,0.273,0.8,1.5,2.3,0.2,0.1,0.4,0.3,1.2,2.5,
18.0,Ibou Badji,C,21,POR,18,1.0,11.3,0.7,1.1,0.632,0.0,0.0,0.7,1.1,0.632,0.632,0.3,0.6,0.5,1.1,1.6,2.7,0.7,0.1,1.1,0.8,2.3,1.6,
19.0,Marvin Bagley III,C,24,TOT,43,21.0,21.1,4.8,8.2,0.581,0.1,0.4,0.294,4.7,7.8,0.595,0.588,2.0,2.7,0.744,2.7,3.4,6.1,1.2,0.4,0.7,1.2,1.8,11.7
20.0,Amari Bailey,PG,19,CHO,3,0.0,5.0,0.7,2.3,0.286,0.0,1.0,0.0,0.7,1.3,0.5,0.286,0.3,0.7,0.5,0.7,0.0,0.7,0.3,0.0,0.0,0.3,0.0,1.7
21.0,Patrick Baldwin Jr.,SF,21,WAS,20,0.0,7.6,0.9,2.4,0.383,0.6,1.4,0.407,0.4,1.0,0.35,0.5,0.4,0.6,0.667,0.4,1.8,2.2,0.4,0.1,0.2,0.3,1.1,2.8
22.0,LaMelo Ball,PG,22,CHO,22,22.0,32.3,8.3,19.2,0.433,3.2,9.0,0.355,5.1,10.3,0.5,0.515,4.1,4.7,0.865,1.3,3.8,5.1,8.0,1.8,0.2,3.8,3.6,23.9
23.0,Mo Bamba,C,25,PHI,37,1.0,11.0,1.5,3.3,0.467,0.4,0.9,0.424,1.2,2.4,0.483,0.525,0.5,0.8,0.586,1.4,2.4,3.8,0.7,0.4,1.0,0.7,1.5,3.9
24.0,Paolo Banchero,PF,21,ORL,58,58.0,34.8,8.1,17.7,0.459,1.5,4.2,0.362,6.6,13.5,0.488,0.501,5.1,7.2,0.701,1.1,5.7,6.8,5.2,1.0,0.5,3.0,2.0,22.8
25.0,Desmond Bane,SG,25,MEM,37,37.0,34.5,8.9,18.8,0.474,3.3,8.6,0.384,5.6,10.2,0.551,0.563,3.3,3.8,0.864,0.9,3.6,4.6,5.3,1.0,0.5,2.7,2.9,24.4
26.0,Dalano Banton,PG,24,TOT,31,1.0,9.5,1.5,3.5,0.413,0.3,1.1,0.257,1.2,2.4,0.486,0.454,0.9,1.3,0.707,0.6,1.3,1.9,1.0,0.3,0.2,0.6,0.8,4.1
27.0,Dominick Barlow,PF,20,SAS,23,1.0,13.3,1.7,3.7,0.476,0.1,0.3,0.429,1.6,3.3,0.481,0.494,1.0,1.5,0.647,1.4,2.2,3.7,1.1,0.4,0.5,0.2,1.4,4.6
28.0,Harrison Barnes,PF,31,SAC,59,59.0,29.6,4.2,8.7,0.484,1.9,4.8,0.401,2.3,3.9,0.586,0.594,1.8,2.3,0.805,0.8,2.1,2.9,1.1,0.7,0.2,0.7,1.3,12.2
29.0,Scottie Barnes,SG,22,TOR,60,60.0,34.9,7.5,15.7,0.475,1.7,4.9,0.341,5.8,10.8,0.536,0.528,3.3,4.2,0.781,2.4,5.9,8.2,6.1,1.3,1.5,2.8,2.0,19.9
30.0,RJ Barrett,SG,23,TOT,49,49.0,31.3,7.1,14.8,0.483,1.6,4.4,0.362,5.5,10.3,0.535,0.537,3.5,4.9,0.72,0.9,4.4,5.2,3.1,0.5,0.3,1.9,2.1,19.4
31.0,Charles Bassey,C,23,SAS,19,0.0,10.8,1.5,2.1,0.725,0.0,0.1,0.0,1.5,2.1,0.744,0.725,0.3,0.3,0.833,1.2,2.8,4.0,1.1,0.4,0.9,0.8,1.6,3.3
32.0,Emoni Bates,SF,20,CLE,10,0.0,7.6,0.6,2.5,0.24,0.5,2.0,0.25,0.1,0.5,0.2,0.34,0.1,0.2,0.5,0.1,0.9,1.0,0.6,0.1,0.2,0.1,0.5,1.8
33.0,Keita Bates-Diop,SF,28,TOT,45,8.0,14.1,1.6,3.6,0.438,0.5,1.5,0.309,1.1,2.0,0.533,0.503,0.7,0.9,0.75,0.7,1.6,2.3,0.8,0.5,0.5,0.3,0.8,4.2
34.0,Nicolas Batum,PF,35,TOT,39,29.0,23.8,1.9,3.9,0.503,1.3,2.8,0.441,0.7,1.0,0.675,0.666,0.2,0.4,0.643,1.2,2.5,3.6,2.1,0.6,0.7,0.6,2.0,5.4
35.0,Darius Bazley,PF,23,PHI,3,0.0,3.3,0.0,0.3,0.0,0.0,0.0,0.0,0.3,0.0,0.0,0.0,0.0,0.0,0.3,0.3,0.7,0.0,0.0,0.3,0.0,0.0,,
36.0,Bradley Beal,SG,30,PHO,30,30.0,32.6,7.1,14.4,0.495,1.6,4.5,0.363,5.5,9.9,0.556,0.552,2.3,3.0,0.775,0.8,3.4,4.3,4.5,0.9,0.3,2.4,2.6,18.2
37.0,Malik Beasley,SG,27,MIL,59,59.0,29.5,4.1,8.8,0.469,2.9,6.6,0.447,1.2,2.2,0.534,0.637,0.3,0.5,0.63,0.6,3.3,3.9,1.4,0.8,0.1,0.7,2.0,11.5
38.0,MarJon Beauchamp,SF,23,MIL,44,1.0,13.3,1.7,3.5,0.487,0.6,1.6,0.4,1.0,1.9,0.561,0.579,0.4,0.6,0.679,0.5,1.7,2.2,0.7,0.3,0.1,0.6,1.2,4.4
39.0,Jules Bernard,SG,24,WAS,8,0.0,4.5,0.5,1.6,0.308,0.3,1.1,0.222,0.3,0.5,0.5,0.385,0.1,0.3,0.5,0.4,0.4,0.8,0.6,0.1,0.1,0.3,0.5,1.4
40.0,Dāvis Bertāns,PF,31,TOT,22,0.0,8.3,1.3,3.0,0.433,1.3,2.9,0.444,0.0,0.2,0.25,0.642,0.7,0.8,0.889,0.1,0.5,0.6,0.6,0.2,0.1,0.0,0.8,4.6
41.0,Patrick Beverley,PG,35,TOT,56,5.0,19.1,2.2,5.2,0.426,0.8,2.4,0.331,1.4,2.8,0.506,0.502,1.0,1.2,0.812,0.7,2.4,3.1,3.0,0.5,0.4,1.0,1.7,6.2
42.0,Saddiq Bey,SF,24,ATL,58,46.0,32.5,4.6,10.9,0.418,1.8,5.6,0.321,2.8,5.3,0.521,0.501,2.6,3.1,0.839,2.7,3.8,6.5,1.4,0.8,0.1,0.8,1.4,13.5
43.0,Goga Bitadze,C,24,ORL,49,32.0,17.8,2.3,3.9,0.605,0.0,0.2,0.167,2.3,3.6,0.635,0.611,1.0,1.5,0.658,2.1,3.3,5.3,1.5,0.6,1.4,0.7,2.1,5.7
44.0,Onuralp Bitim,SG,24,CHI,4,0.0,12.3,1.3,3.3,0.385,1.0,2.0,0.5,0.3,1.3,0.2,0.538,0.5,0.5,1.0,0.0,2.5,2.5,0.3,0.0,0.0,0.5,0.8,4.0
45.0,Bismack Biyombo,C,31,TOT,32,27.0,22.7,2.1,3.7,0.563,0.0,0.0,2.1,3.7,0.563,0.563,0.7,1.4,0.478,1.8,4.3,6.0,1.6,0.3,1.1,1.2,2.6,4.9,
46.0,Anthony Black,PG,20,ORL,54,31.0,18.6,1.8,3.8,0.469,0.5,1.4,0.373,1.3,2.4,0.523,0.536,0.9,1.3,0.662,0.5,1.8,2.3,1.5,0.6,0.3,0.9,1.9,5.0
47.0,Leaky Black,SF,24,CHO,22,3.0,9.9,0.8,1.8,0.436,0.3,0.7,0.467,0.5,1.1,0.417,0.526,0.4,0.6,0.643,0.4,1.4,1.7,0.8,0.2,0.3,0.2,0.7,2.3
48.0,Bogdan Bogdanović,SG,31,ATL,57,11.0,29.2,6.0,14.0,0.428,3.1,8.3,0.371,2.9,5.7,0.511,0.538,1.8,1.9,0.917,0.6,2.7,3.3,2.8,1.2,0.3,1.2,2.4,16.8
49.0,Bojan Bogdanović,PF-SF,34,TOT,35,27.0,31.1,6.6,14.3,0.46,2.9,7.1,0.412,3.6,7.1,0.508,0.563,2.7,3.5,0.779,0.5,2.9,3.3,2.3,0.8,0.1,2.0,2.1,18.8
50.0,Bol Bol,PF,24,PHO,21,0.0,11.1,2.4,3.7,0.641,0.3,1.0,0.333,2.0,2.7,0.754,0.686,0.3,0.5,0.7,1.0,2.4,3.3,0.5,0.2,0.7,0.5,1.2,5.4
51.0,Marques Bolden,C,25,TOT,3,0.0,2.7,0.0,0.0,0.0,0.0,0.0,0.0,0.0,0.0,0.0,1.0,1.0,0.0,0.0,0.0,0.0,0.3,0.0,,,,,
52.0,Devin Booker,PG,27,PHO,49,49.0,35.7,9.7,19.5,0.496,2.2,5.8,0.378,7.4,13.6,0.546,0.552,6.1,7.0,0.877,0.7,3.9,4.6,6.9,0.9,0.4,2.5,3.0,27.6
53.0,Brandon Boston Jr.,SF,22,LAC,19,0.0,6.8,1.4,3.4,0.422,0.3,1.1,0.3,1.1,2.3,0.477,0.469,0.6,0.7,0.857,0.4,0.4,0.8,0.3,0.1,0.1,0.4,0.9,3.8
54.0,Chris Boucher,PF,31,TOR,48,0.0,13.5,2.1,4.3,0.49,0.6,1.9,0.319,1.5,2.4,0.626,0.561,1.3,1.8,0.753,1.2,2.8,4.0,0.4,0.3,0.4,0.5,1.3,6.1
55.0,James Bouknight,SG,23,CHO,14,0.0,5.8,1.3,2.9,0.439,0.9,2.1,0.433,0.4,0.8,0.455,0.598,0.1,0.1,0.5,0.1,0.6,0.6,0.4,0.1,0.1,0.1,0.2,3.6
56.0,Jamaree Bouyea,PG,24,POR,6,0.0,9.5,0.8,3.5,0.238,0.0,1.3,0.0,0.8,2.2,0.385,0.238,0.0,0.0,0.3,1.3,1.7,1.3,0.0,0.0,1.3,0.5,1.7,
57.0,Malaki Branham,PG,20,SAS,55,21.0,20.3,3.3,7.8,0.429,1.0,3.1,0.326,2.3,4.6,0.498,0.494,0.6,0.7,0.944,0.3,1.6,2.0,2.1,0.4,0.1,1.1,1.2,8.3
58.0,Christian Braun,SG,22,DEN,60,0.0,19.2,2.5,5.8,0.435,0.7,1.9,0.348,1.9,3.9,0.476,0.491,1.2,1.7,0.709,0.9,2.7,3.5,1.4,0.5,0.4,0.7,1.6,6.9
59.0,Mikal Bridges,SF,27,BRK,59,59.0,35.0,7.4,16.7,0.445,2.5,7.1,0.353,4.9,9.6,0.511,0.519,3.6,4.4,0.819,0.8,4.0,4.8,3.7,0.9,0.4,2.1,1.5,20.9
60.0,Miles Bridges,SF,25,CHO,49,47.0,37.3,8.2,17.7,0.462,2.5,6.6,0.375,5.7,11.0,0.514,0.532,2.6,3.0,0.846,1.0,6.5,7.5,3.2,1.0,0.5,2.0,1.9,21.4
61.0,Oshae Brissett,SF,25,BOS,39,0.0,10.5,1.2,2.6,0.456,0.3,1.1,0.286,0.9,1.6,0.574,0.515,0.9,1.4,0.679,0.9,1.7,2.6,0.7,0.4,0.1,0.3,0.9,3.6
62.0,Malcolm Brogdon,PG,31,POR,39,25.0,28.7,5.6,12.7,0.44,2.1,5.1,0.412,3.5,7.6,0.458,0.522,2.4,3.0,0.819,0.7,3.1,3.8,5.5,0.7,0.2,1.5,1.5,15.7
63.0,Armoni Brooks,PG,25,BRK,10,0.0,10.4,1.5,4.6,0.326,1.1,3.2,0.344,0.4,1.4,0.286,0.446,0.1,0.2,0.5,0.7,1.1,1.8,0.5,0.1,0.1,0.3,0.3,4.2
64.0,Dillon Brooks,SF,28,HOU,50,50.0,31.3,4.8,11.0,0.437,2.0,5.1,0.387,2.9,6.0,0.48,0.526,1.9,2.3,0.841,0.8,2.7,3.6,1.6,0.9,0.1,1.3,3.5,13.5
65.0,Bruce Brown,SG-PG,27,TOT,52,38.0,28.1,4.1,8.8,0.463,0.8,2.7,0.304,3.3,6.2,0.531,0.509,1.8,2.1,0.864,0.8,3.6,4.4,2.7,0.9,0.3,1.1,2.3,10.8
66.0,Charlie Brown Jr.,Jr.,SG,26,NYK,7.0,0.0,5.1,0.3,1.4,0.2,0.3,1.0,0.286,0.0,0.4,0.0,0.3,0.0,0.0,0.1,0.1,0.3,0.0,0.0,0.3,0.3,0.7,0.9
67.0,Greg Brown III,PF,22,DAL,6,0.0,6.7,0.8,1.8,0.455,0.2,0.5,0.333,0.7,1.3,0.5,0.5,0.7,1.5,0.444,0.5,1.0,1.5,0.7,0.0,0.7,0.7,0.8,2.5
68.0,Jaylen Brown,SF,27,BOS,54,54.0,33.4,8.7,17.3,0.501,2.0,5.6,0.348,6.7,11.7,0.575,0.557,3.0,4.2,0.716,1.1,4.5,5.5,3.7,1.1,0.5,2.4,2.7,22.3
69.0,Kendall Brown,SG,20,IND,6,0.0,4.5,0.5,1.0,0.5,0.0,0.2,0.0,0.5,0.8,0.6,0.5,0.7,1.0,0.667,0.3,0.0,0.3,0.3,0.0,0.0,0.0,0.7,1.7
70.0,Kobe Brown,PF,24,LAC,33,0.0,8.6,0.7,1.9,0.381,0.4,1.2,0.308,0.4,0.7,0.5,0.476,0.0,0.1,0.5,0.3,1.1,1.4,0.5,0.2,0.1,0.2,1.2,1.8
71.0,Moses Brown,C,24,POR,10,4.0,9.1,1.2,2.4,0.5,0.0,0.0,1.2,2.4,0.5,0.5,0.1,0.7,0.143,1.8,2.9,4.7,0.2,0.2,0.3,0.5,1.2,2.5,
72.0,Troy Brown Jr.,SF,24,TOT,42,3.0,11.5,1.5,3.4,0.43,0.9,2.4,0.364,0.6,1.0,0.581,0.556,0.5,0.6,0.875,0.4,1.7,2.1,1.0,0.2,0.0,0.5,0.7,4.3
73.0,Jalen Brunson,PG,27,NYK,56,56.0,36.1,9.8,20.6,0.477,2.7,6.6,0.407,7.1,14.0,0.51,0.542,5.4,6.4,0.846,0.6,3.2,3.8,6.7,0.9,0.2,2.5,2.0,27.7
74.0,Thomas Bryant,C,26,MIA,25,3.0,10.4,1.8,3.1,0.571,0.0,0.2,0.0,1.8,2.9,0.603,0.571,0.7,0.9,0.818,1.0,2.1,3.1,0.6,0.2,0.2,0.6,1.0,4.2
75.0,Kobe Bufkin,SG,20,ATL,8,0.0,9.4,1.5,4.0,0.375,0.6,2.0,0.313,0.9,2.0,0.438,0.453,0.1,0.3,0.5,0.3,1.3,1.5,1.5,0.4,0.1,0.5,0.5,3.8
76.0,Reggie Bullock,SF,32,HOU,25,0.0,8.9,0.8,2.1,0.404,0.6,1.6,0.39,0.2,0.4,0.455,0.558,0.0,0.0,1.0,0.1,1.3,1.4,0.4,0.2,0.1,0.2,0.6,2.4
77.0,Alec Burks,SG,32,TOT,51,1.0,20.5,3.6,9.5,0.382,2.2,5.6,0.391,1.4,3.9,0.369,0.497,2.5,2.9,0.884,0.4,2.1,2.5,1.5,0.4,0.2,0.8,1.4,11.9
78.0,Jared Butler,SG,23,WAS,22,0.0,8.1,1.6,2.9,0.547,0.5,1.3,0.357,1.1,1.6,0.694,0.625,0.6,0.8,0.824,0.1,0.6,0.7,2.0,0.4,0.1,0.7,0.9,4.3
79.0,Jimmy Butler,PF,34,MIA,40,40.0,33.9,6.7,13.4,0.501,1.0,2.3,0.44,5.7,11.2,0.513,0.538,7.0,8.2,0.854,2.0,3.5,5.6,4.7,1.4,0.4,1.7,1.1,21.5
80.0,Jamal Cain,PF,24,MIA,16,1.0,14.1,1.8,4.3,0.42,0.5,1.6,0.308,1.3,2.7,0.488,0.478,1.1,1.4,0.783,0.8,1.2,2.0,0.3,0.6,0.3,0.3,1.1,5.3
81.0,Kentavious Caldwell-Pope,SG,30,DEN,55,55.0,31.7,3.5,7.9,0.442,1.5,3.9,0.388,2.0,4.0,0.495,0.538,1.7,1.8,0.919,0.5,1.9,2.3,2.4,1.3,0.4,0.9,1.9,10.1
82.0,Toumani Camara,PF,23,POR,57,37.0,23.7,2.6,6.1,0.432,0.7,2.4,0.309,1.9,3.7,0.512,0.493,1.0,1.4,0.734,1.9,3.0,4.9,1.1,1.0,0.4,1.2,2.5,7.0
83.0,Clint Capela,C,29,ATL,51,51.0,25.3,4.6,8.2,0.564,0.0,0.0,4.6,8.2,0.564,0.564,1.8,2.7,0.652,4.7,5.7,10.4,0.9,0.5,1.6,0.9,2.4,11.1,
84.0,Jevon Carter,PG,28,CHI,57,0.0,13.5,1.9,5.1,0.371,1.1,3.3,0.332,0.8,1.8,0.442,0.478,0.1,0.1,0.6,0.1,0.7,0.8,1.2,0.5,0.2,0.5,1.0,4.9
85.0,Wendell Carter Jr.,C,24,ORL,34,28.0,26.0,4.2,7.8,0.54,1.1,2.8,0.411,3.1,5.0,0.612,0.613,1.9,2.6,0.7,1.8,4.7,6.5,1.6,0.4,0.5,1.2,2.4,11.4
86.0,D.J. Carton,SG,23,TOR,2,0.0,5.5,1.0,1.5,0.667,0.5,1.0,0.5,0.5,0.5,1.0,0.833,1.5,1.5,1.0,0.0,0.5,0.5,1.0,0.0,0.0,0.0,1.0,4.0
87.0,Alex Caruso,SG,29,CHI,51,38.0,27.2,3.5,7.3,0.473,1.7,4.4,0.389,1.7,2.9,0.603,0.591,1.2,1.5,0.787,0.9,2.8,3.7,2.8,1.5,1.1,1.4,2.5,9.8
88.0,Colin Castleton,C,23,LAL,7,0.0,5.1,1.0,1.4,0.7,0.0,0.0,1.0,1.4,0.7,0.7,0.6,0.6,1.0,0.6,0.7,1.3,0.4,0.0,0.0,0.1,1.0,2.6,
89.0,Malcolm Cazalon,SG,22,DET,1,0.0,3.0,0.0,0.0,0.0,0.0,0.0,0.0,0.0,0.0,0.0,0.0,0.0,0.0,0.0,0.0,0.0,0.0,0.0,,,,,
90.0,Julian Champagnie,SF,22,SAS,53,38.0,16.8,1.9,4.8,0.398,1.2,3.4,0.359,0.7,1.4,0.493,0.526,0.8,1.0,0.808,0.6,2.0,2.6,1.2,0.6,0.5,0.6,1.1,5.8
91.0,Justin Champagnie,SF,22,WAS,3,0.0,5.3,1.7,3.3,0.5,0.3,1.7,0.2,1.3,1.7,0.8,0.55,0.0,0.0,0.0,0.3,0.3,0.3,0.3,0.3,0.3,0.0,3.7,
92.0,Max Christie,SG,20,LAL,48,7.0,16.6,1.8,4.1,0.426,0.7,2.0,0.351,1.0,2.1,0.5,0.513,0.7,0.9,0.786,0.3,2.2,2.5,1.1,0.4,0.3,0.6,1.1,4.9
93.0,Sidy Cissoko,SF,19,SAS,5,0.0,6.4,0.2,1.2,0.167,0.0,0.8,0.0,0.2,0.4,0.5,0.167,0.8,0.8,1.0,0.0,1.2,1.2,0.0,0.6,0.0,0.2,0.4,1.2
94.0,Jordan Clarkson,SG,31,UTA,50,19.0,30.3,6.0,14.6,0.41,1.7,5.6,0.295,4.3,9.0,0.481,0.466,3.2,3.7,0.88,0.9,2.5,3.4,5.0,0.6,0.1,2.7,1.4,16.8
95.0,Nic Claxton,C,24,BRK,49,49.0,29.2,5.2,8.4,0.62,0.0,0.1,0.25,5.2,8.3,0.623,0.621,1.4,2.5,0.574,2.8,7.0,9.8,1.9,0.6,2.1,1.2,2.5,11.8
96.0,Noah Clowney,PF,19,BRK,7,0.0,9.9,1.6,2.6,0.611,0.1,0.6,0.25,1.4,2.0,0.714,0.639,0.9,0.9,1.0,0.9,1.0,1.9,0.9,0.0,0.1,0.4,0.7,4.1
97.0,Amir Coffey,SF,26,LAC,46,9.0,18.6,2.2,4.1,0.537,0.9,2.0,0.426,1.3,2.1,0.646,0.642,0.9,1.1,0.878,0.4,1.3,1.7,0.9,0.5,0.1,0.4,1.3,6.2
98.0,John Collins,PF,26,UTA,56,54.0,27.9,5.6,10.8,0.521,1.2,3.4,0.342,4.4,7.3,0.605,0.575,1.9,2.4,0.789,2.3,6.1,8.5,1.2,0.6,0.8,1.5,2.8,14.3
99.0,Zach Collins,C,26,SAS,48,24.0,23.4,4.4,9.1,0.478,0.9,3.0,0.294,3.5,6.2,0.568,0.526,1.7,2.3,0.748,1.7,3.6,5.4,3.1,0.5,0.7,2.0,3.1,11.4
100.0,Mike Conley,PG,36,MIN,55,55.0,28.9,3.6,8.0,0.449,2.3,5.1,0.445,1.3,2.8,0.455,0.592,1.2,1.3,0.904,0.4,2.5,2.9,6.2,1.0,0.2,1.1,1.7,10.7
101.0,Pat Connaughton,SF,31,MIL,55,2.0,21.5,1.9,4.3,0.453,1.1,3.0,0.372,0.8,1.3,0.643,0.583,0.4,0.6,0.719,0.6,2.6,3.3,1.9,0.6,0.3,0.6,1.3,5.4
102.0,Bilal Coulibaly,SF,19,WAS,56,8.0,26.7,2.9,6.7,0.442,1.0,2.8,0.357,2.0,3.9,0.502,0.516,1.3,2.0,0.682,0.9,3.1,4.0,1.7,0.9,0.8,1.4,2.1,8.2
103.0,Ricky Council IV,SG,22,PHI,19,0.0,9.5,1.9,4.0,0.487,0.2,0.9,0.235,1.7,3.1,0.559,0.513,2.2,2.8,0.759,0.6,1.4,2.0,0.4,0.1,0.0,0.2,0.4,6.3
104.0,Robert Covington,SF-PF,33,TOT,29,6.0,16.8,1.5,3.4,0.439,0.7,1.9,0.339,0.8,1.4,0.571,0.536,0.8,0.9,0.846,1.1,2.3,3.3,0.8,1.3,0.6,0.4,1.9,4.4
105.0,Torrey Craig,SF,33,CHI,33,8.0,21.0,2.2,5.1,0.425,1.1,3.0,0.374,1.0,2.1,0.5,0.536,0.6,0.8,0.778,1.7,3.1,4.7,1.1,0.6,0.5,0.6,2.3,6.1
106.0,Jae Crowder,PF,33,MIL,30,14.0,24.9,2.3,5.4,0.432,1.2,3.5,0.352,1.1,1.9,0.579,0.546,0.5,0.8,0.667,0.5,3.2,3.6,1.5,0.9,0.2,0.5,1.8,6.4
107.0,Jalen Crutcher,PG,24,NOP,1,0.0,3.0,0.0,1.0,0.0,0.0,0.0,0.0,1.0,0.0,0.0,0.0,0.0,0.0,0.0,0.0,0.0,0.0,0.0,0.0,0.0,0.0,,
108.0,Cade Cunningham,PG,22,DET,49,49.0,34.0,8.4,18.4,0.455,1.9,5.3,0.358,6.5,13.1,0.495,0.507,3.8,4.4,0.858,0.4,3.7,4.2,7.4,0.9,0.4,3.5,2.7,22.4
109.0,Seth Curry,SG,33,TOT,44,4.0,14.0,1.8,4.6,0.392,0.9,2.5,0.352,1.0,2.2,0.438,0.485,0.6,0.7,0.903,0.4,1.1,1.5,1.0,0.5,0.1,0.5,0.9,5.1
110.0,Stephen Curry,PG,35,GSW,56,56.0,33.2,9.0,19.9,0.454,5.0,12.2,0.412,4.0,7.7,0.52,0.58,4.4,4.8,0.922,0.5,3.9,4.4,5.0,0.8,0.4,3.0,1.8,27.5
111.0,Dyson Daniels,PG,20,NOP,52,15.0,21.9,2.2,4.9,0.438,0.6,2.1,0.291,1.5,2.8,0.548,0.5,0.6,1.0,0.64,1.0,2.7,3.7,2.6,1.4,0.4,1.0,1.6,5.5
112.0,Anthony Davis,C,30,LAL,57,57.0,35.8,9.6,17.2,0.559,0.3,1.3,0.264,9.3,15.9,0.582,0.568,5.6,6.9,0.813,3.1,9.2,12.3,3.6,1.1,2.4,2.1,2.4,25.1
113.0,Johnny Davis,SG,21,WAS,29,0.0,9.8,1.0,2.8,0.346,0.1,0.4,0.154,0.9,2.3,0.382,0.358,0.1,0.3,0.444,0.4,0.9,1.3,0.4,0.3,0.1,0.2,0.9,2.1
114.0,JD Davison,SG,21,BOS,2,0.0,3.0,0.0,0.5,0.0,0.0,0.5,0.0,0.0,0.0,0.0,1.0,1.0,1.0,0.5,0.5,1.0,0.0,0.0,0.0,0.0,0.0,1.0,
115.0,Dexter Dennis,SG,24,DAL,4,0.0,7.5,2.5,4.8,0.526,0.3,2.0,0.125,2.3,2.8,0.818,0.553,0.3,0.8,0.333,0.3,2.0,2.3,1.0,0.0,0.3,0.8,0.3,5.5
116.0,DeMar DeRozan,SF,34,CHI,58,58.0,37.8,7.8,16.6,0.466,0.9,2.8,0.335,6.8,13.9,0.493,0.494,6.3,7.3,0.858,0.6,3.6,4.2,5.3,1.1,0.6,1.4,2.2,22.7
117.0,Moussa Diabaté,C,22,LAC,11,0.0,5.8,0.9,1.7,0.526,0.0,0.0,0.9,1.7,0.526,0.526,0.8,1.3,0.643,1.4,0.8,2.2,0.4,0.5,0.1,0.2,0.4,2.6,
118.0,Mamadi Diakite,PF,27,SAS,3,0.0,5.3,1.3,1.7,0.8,0.0,0.0,1.3,1.7,0.8,0.8,1.3,2.0,0.667,0.3,0.7,1.0,0.7,0.0,0.3,0.0,0.3,4.0,
119.0,Hamidou Diallo,SG,25,WAS,2,0.0,2.5,0.5,1.0,0.5,0.0,0.0,0.5,1.0,0.5,0.5,0.0,0.0,1.0,0.0,1.0,0.5,1.0,0.0,0.5,0.5,1.0,,
120.0,Gradey Dick,SG,20,TOR,39,1.0,16.1,2.3,5.2,0.441,1.2,3.1,0.378,1.2,2.2,0.529,0.551,0.6,0.6,0.92,0.4,1.4,1.8,1.2,0.5,0.0,0.6,1.3,6.4
121.0,Ousmane Dieng,PF,20,OKC,29,0.0,11.2,1.5,3.5,0.426,0.7,2.2,0.313,0.8,1.3,0.622,0.525,0.5,0.6,0.875,0.3,1.3,1.7,1.1,0.2,0.1,0.6,0.7,4.1
122.0,Spencer Dinwiddie,PG,30,TOT,55,48.0,29.9,3.8,9.8,0.39,1.7,5.5,0.318,2.1,4.3,0.481,0.479,2.3,3.0,0.782,0.5,2.5,3.0,5.7,0.8,0.2,1.3,1.8,11.7
123.0,Donte DiVincenzo,SG,27,NYK,59,41.0,25.7,5.0,11.1,0.449,3.2,7.7,0.41,1.8,3.4,0.54,0.592,0.9,1.3,0.716,0.8,2.5,3.4,2.4,1.2,0.4,1.2,2.0,14.0
124.0,Luka Dončić,PG,24,DAL,52,52.0,37.4,11.7,23.6,0.496,3.9,10.2,0.379,7.8,13.4,0.584,0.577,7.2,9.2,0.781,0.8,8.1,8.9,9.7,1.5,0.6,3.8,2.1,34.5
125.0,Luguentz Dort,SF,24,OKC,57,57.0,28.4,3.6,8.2,0.439,1.9,4.9,0.396,1.7,3.4,0.503,0.557,1.5,1.8,0.819,1.1,2.7,3.8,1.3,0.9,0.7,0.9,3.0,10.7
126.0,Ayo Dosunmu,SG,24,CHI,58,19.0,26.8,4.1,8.3,0.495,1.4,3.6,0.406,2.7,4.8,0.562,0.582,0.9,1.2,0.783,0.7,2.0,2.7,2.7,0.8,0.4,1.2,2.0,10.6
127.0,Andre Drummond,C,30,CHI,60,10.0,17.3,3.5,6.3,0.554,0.0,0.1,0.0,3.5,6.2,0.559,0.554,1.5,2.6,0.577,3.5,5.5,9.0,0.5,1.0,0.7,1.1,1.8,8.5
128.0,Chris Duarte,SF,26,SAC,42,11.0,13.3,1.4,3.6,0.375,0.7,2.1,0.345,0.6,1.5,0.415,0.474,0.5,0.6,0.778,0.4,1.4,1.9,0.8,0.5,0.1,0.5,1.5,3.9
129.0,Kris Dunn,PG,29,UTA,52,27.0,18.2,2.3,4.7,0.48,0.7,1.7,0.395,1.6,3.0,0.525,0.549,0.3,0.5,0.68,0.7,2.1,2.8,4.0,1.1,0.4,1.3,1.9,5.5
130.0,Kevin Durant,PF,35,PHO,52,52.0,37.2,10.1,19.1,0.528,2.2,5.2,0.422,7.9,13.9,0.567,0.585,5.5,6.4,0.859,0.6,6.1,6.7,5.7,0.9,1.3,3.2,1.8,27.9
131.0,Jalen Duren,C,20,DET,44,43.0,30.2,6.0,9.6,0.626,0.0,0.1,0.0,6.0,9.5,0.63,0.626,2.0,2.6,0.757,3.3,8.7,12.0,2.6,0.5,0.9,2.0,3.3,14.0
132.0,Tari Eason,PF,22,HOU,22,0.0,21.8,4.0,8.6,0.466,0.8,2.3,0.36,3.2,6.3,0.504,0.513,1.0,1.5,0.636,2.1,4.9,7.0,1.2,1.4,0.9,0.9,2.3,9.8
133.0,Anthony Edwards,SG,22,MIN,57,57.0,34.8,9.1,19.6,0.466,2.5,6.7,0.381,6.6,12.9,0.51,0.531,5.5,6.6,0.843,0.5,4.7,5.2,5.1,1.2,0.5,3.2,1.9,26.3
134.0,Kessler Edwards,SF,23,SAC,39,0.0,4.8,0.5,1.4,0.396,0.3,0.8,0.364,0.2,0.5,0.45,0.509,0.1,0.2,0.667,0.1,0.6,0.8,0.2,0.1,0.1,0.0,0.5,1.5
135.0,Keon Ellis,SG,24,SAC,35,4.0,11.6,1.1,2.7,0.415,0.8,2.1,0.36,0.3,0.5,0.632,0.559,0.3,0.5,0.647,0.4,0.9,1.3,1.3,0.5,0.4,0.5,1.5,3.3
136.0,Joel Embiid,C,29,PHI,34,34.0,34.0,11.8,22.2,0.533,1.2,3.3,0.366,10.6,18.9,0.562,0.56,10.5,11.9,0.883,2.6,8.7,11.3,5.7,1.1,1.8,3.7,2.9,35.3
137.0,Drew Eubanks,C,26,PHO,53,4.0,15.9,2.2,3.5,0.622,0.1,0.1,1.0,2.2,3.5,0.616,0.63,1.0,1.4,0.743,1.3,2.9,4.2,0.9,0.4,0.9,1.0,1.6,5.5
138.0,Tosan Evbuomwan,SF,22,TOT,6,0.0,15.0,1.2,3.0,0.389,0.5,1.5,0.333,0.7,1.5,0.444,0.472,0.0,0.0,1.3,1.3,2.7,1.0,0.2,0.2,0.2,1.0,2.8,
139.0,Dante Exum,PG,28,DAL,34,14.0,19.5,3.5,6.2,0.562,0.9,2.0,0.478,2.5,4.2,0.601,0.638,1.0,1.4,0.729,0.5,2.2,2.8,2.9,0.5,0.1,0.8,1.6,8.9
140.0,Bruno Fernando,C,25,ATL,22,1.0,10.4,1.8,3.2,0.549,0.0,0.1,0.0,1.8,3.1,0.574,0.549,1.0,1.7,0.605,1.1,2.0,3.0,0.6,0.4,0.5,0.5,1.5,4.6
141.0,Dorian Finney-Smith,PF,30,BRK,50,39.0,27.7,3.2,7.6,0.414,1.9,5.1,0.369,1.3,2.5,0.504,0.537,0.4,0.6,0.679,1.6,3.1,4.7,1.4,0.7,0.6,0.8,2.3,8.6
142.0,Adam Flagler,SG,24,OKC,1,0.0,6.0,0.0,3.0,0.0,0.0,3.0,0.0,0.0,0.0,0.0,0.0,0.0,0.0,0.0,0.0,1.0,0.0,0.0,0.0,0.0,0.0,,
143.0,Malachi Flynn,PG,25,TOT,52,0.0,11.6,1.5,3.7,0.396,0.7,2.0,0.34,0.8,1.7,0.465,0.49,0.5,0.7,0.757,0.3,1.3,1.5,1.7,0.4,0.1,0.8,1.0,4.2
144.0,Simone Fontecchio,SF,28,TOT,58,39.0,23.8,3.5,7.8,0.454,1.9,4.8,0.395,1.6,2.9,0.55,0.576,0.6,0.8,0.771,1.0,2.5,3.5,1.5,0.6,0.3,1.0,1.6,9.6
145.0,Jordan Ford,PG,25,SAC,6,0.0,3.7,0.7,1.2,0.571,0.3,0.5,0.667,0.3,0.7,0.5,0.714,0.3,0.3,1.0,0.0,0.3,0.3,0.3,0.0,0.0,0.2,0.0,2.0
146.0,Trent Forrest,SG,25,ATL,21,0.0,10.3,0.7,2.3,0.313,0.1,0.3,0.286,0.6,2.0,0.317,0.333,0.4,0.5,0.8,0.2,1.0,1.2,2.0,0.3,0.0,0.5,0.9,1.9
147.0,Evan Fournier,SG,31,TOT,10,0.0,16.5,2.3,6.1,0.377,1.2,3.9,0.308,1.1,2.2,0.5,0.475,1.0,1.2,0.833,0.2,1.9,2.1,0.8,1.1,0.2,0.9,1.4,6.8
148.0,De'Aaron Fox,PG,26,SAC,51,51.0,35.6,9.8,20.7,0.471,2.8,7.6,0.369,6.9,13.1,0.531,0.539,4.5,6.4,0.709,0.9,3.3,4.2,5.6,1.9,0.4,2.7,2.6,26.9
149.0,Javon Freeman-Liberty,PG,24,TOR,3,0.0,1.7,0.3,1.0,0.333,0.0,0.0,0.3,1.0,0.333,0.333,0.0,0.0,0.3,0.0,0.3,0.0,0.0,0.0,0.0,0.0,0.7,,
150.0,Alex Fudge,SF,20,LAL,4,0.0,3.5,0.3,1.5,0.167,0.0,0.5,0.0,0.3,1.0,0.25,0.167,0.5,0.5,1.0,0.5,0.0,0.5,0.0,0.0,0.0,0.3,0.3,1.0
151.0,Markelle Fultz,PG,25,ORL,24,15.0,23.3,3.8,7.9,0.479,0.0,0.4,0.111,3.8,7.5,0.497,0.482,0.6,1.0,0.6,1.4,2.1,3.5,3.4,1.3,0.3,1.2,1.6,8.3
152.0,Daniel Gafford,C-PF,25,TOT,53,47.0,25.1,4.4,6.5,0.684,0.0,0.0,4.4,6.5,0.684,0.684,1.8,2.5,0.711,2.9,5.0,7.9,1.4,0.9,2.0,1.0,3.1,10.6,
153.0,Danilo Gallinari,PF-SF,35,TOT,37,0.0,14.1,1.9,4.5,0.436,0.7,2.2,0.338,1.2,2.3,0.529,0.518,1.9,2.3,0.857,0.5,2.1,2.6,1.3,0.2,0.1,0.4,1.1,6.6
154.0,Darius Garland,PG,24,CLE,35,35.0,32.7,6.6,14.4,0.457,2.1,5.6,0.367,4.5,8.8,0.515,0.529,3.1,3.7,0.852,0.5,1.9,2.4,6.1,1.3,0.1,3.2,1.5,18.4
155.0,Usman Garuba,PF,21,GSW,3,0.0,2.7,0.0,0.3,0.0,0.0,0.0,0.0,0.3,0.0,0.0,0.0,0.0,0.3,0.0,0.3,0.3,0.3,0.0,0.0,0.7,0.0,,
156.0,Luka Garza,C,25,MIN,14,0.0,2.9,0.8,1.8,0.44,0.2,0.6,0.333,0.6,1.1,0.5,0.5,0.6,0.9,0.667,0.4,0.4,0.8,0.1,0.0,0.0,0.1,0.8,2.4
157.0,Kaiser Gates,SF,27,NOP,1,0.0,7.0,0.0,4.0,0.0,0.0,2.0,0.0,0.0,2.0,0.0,0.0,0.0,0.0,0.0,1.0,1.0,0.0,0.0,0.0,0.0,0.0,0.0,
158.0,Keyonte George,PG,20,UTA,54,23.0,25.4,3.8,9.8,0.389,1.9,5.5,0.349,1.9,4.4,0.438,0.486,2.3,2.8,0.827,0.3,2.5,2.8,4.5,0.5,0.1,2.1,1.1,11.8
159.0,Paul George,PF,33,LAC,53,53.0,33.8,7.8,17.1,0.457,3.2,8.2,0.394,4.6,8.9,0.515,0.551,3.3,3.7,0.903,0.5,4.8,5.4,3.6,1.6,0.4,2.0,2.8,22.1
160.0,Taj Gibson,PF,38,NYK,16,1.0,10.3,0.4,1.4,0.304,0.0,0.4,0.0,0.4,1.1,0.412,0.304,0.1,0.1,1.0,0.6,1.1,1.8,0.6,0.1,0.4,0.3,1.8,1.0
161.0,Josh Giddey,SG,21,OKC,58,58.0,24.6,4.5,10.2,0.447,0.9,2.9,0.321,3.6,7.3,0.496,0.492,1.2,1.4,0.821,1.3,4.8,6.1,4.4,0.7,0.5,2.0,1.3,11.2
162.0,Harry Giles,C,25,BRK,16,0.0,5.1,1.4,2.8,0.5,0.2,0.7,0.273,1.2,2.1,0.576,0.534,0.4,0.8,0.538,0.8,0.9,1.6,0.4,0.1,0.2,0.4,0.9,3.4
163.0,Shai Gilgeous-Alexander,PG,25,OKC,58,58.0,34.4,11.0,20.1,0.548,1.3,3.3,0.392,9.7,16.7,0.579,0.58,7.9,8.9,0.882,0.9,4.7,5.6,6.5,2.1,0.9,2.1,2.5,31.2
164.0,Anthony Gill,PF,31,WAS,32,0.0,5.4,0.7,1.6,0.46,0.1,0.4,0.231,0.6,1.2,0.541,0.49,0.5,0.6,0.75,0.4,0.8,1.2,0.4,0.2,0.2,0.5,0.4,2.0
165.0,Collin Gillespie,PG,24,DEN,19,0.0,8.5,1.2,2.4,0.511,0.6,1.3,0.458,0.6,1.1,0.571,0.633,0.3,0.4,0.625,0.1,0.6,0.6,0.8,0.5,0.0,0.5,0.9,3.3
166.0,Jacob Gilyard,PG,25,MEM,37,14.0,17.7,1.6,3.9,0.417,1.4,3.2,0.425,0.2,0.6,0.375,0.594,0.1,0.1,1.0,0.2,0.9,1.2,3.5,0.7,0.1,0.8,0.9,4.7
167.0,Rudy Gobert,C,31,MIN,58,58.0,33.6,5.2,8.0,0.646,0.0,0.1,0.0,5.2,8.0,0.65,0.646,3.3,5.1,0.636,3.6,9.1,12.7,1.2,0.6,2.1,1.5,3.0,13.6
168.0,Jordan Goodwin,PG,25,TOT,44,3.0,15.4,2.0,5.3,0.38,0.6,2.1,0.29,1.4,3.2,0.44,0.438,0.7,0.8,0.784,1.1,2.0,3.1,2.1,0.7,0.3,0.8,1.1,5.3
169.0,Aaron Gordon,PF,28,DEN,54,54.0,31.5,5.5,9.8,0.557,0.5,1.8,0.293,4.9,8.0,0.618,0.585,2.4,3.7,0.652,2.4,4.1,6.5,3.2,0.9,0.7,1.5,1.9,13.9
170.0,Eric Gordon,SG,35,PHO,49,24.0,29.8,4.6,10.0,0.457,2.5,6.3,0.389,2.1,3.6,0.576,0.581,0.9,1.1,0.815,0.3,1.8,2.1,2.2,1.0,0.5,1.3,1.3,12.5
171.0,Devonte' Graham,PG,28,SAS,12,0.0,8.3,0.9,2.5,0.367,0.6,1.8,0.318,0.3,0.7,0.5,0.483,0.5,0.7,0.75,0.2,1.2,1.3,1.6,0.3,0.1,0.3,0.3,2.9
172.0,Jerami Grant,PF,29,POR,51,51.0,34.1,7.3,16.1,0.452,2.1,5.2,0.404,5.2,10.9,0.476,0.518,4.8,5.9,0.811,0.7,2.9,3.7,2.8,0.8,0.6,2.1,2.2,21.4
173.0,A.J. Green,SG,24,MIL,40,0.0,9.2,1.5,3.3,0.443,1.2,2.8,0.425,0.3,0.5,0.556,0.626,0.3,0.3,0.909,0.2,0.9,1.1,0.6,0.1,0.1,0.1,0.9,4.4
174.0,Danny Green,SG,36,PHI,2,0.0,9.0,0.0,1.0,0.0,0.0,0.5,0.0,0.0,0.5,0.0,0.0,0.0,0.0,0.0,1.0,1.0,0.5,0.5,0.0,0.0,0.5,0.0,
175.0,Draymond Green,PF,33,GSW,35,32.0,26.7,3.4,6.8,0.502,1.1,2.4,0.446,2.4,4.5,0.532,0.579,1.2,1.6,0.768,1.3,5.8,7.1,5.9,0.8,0.9,2.4,3.0,9.1
176.0,Jalen Green,SG,21,HOU,59,59.0,30.5,6.2,15.3,0.404,2.1,6.7,0.312,4.1,8.6,0.476,0.473,3.5,4.3,0.808,0.4,4.4,4.8,3.3,0.7,0.3,2.2,1.3,17.9
177.0,Jeff Green,PF,37,HOU,57,5.0,16.7,2.0,4.2,0.473,0.5,1.5,0.314,1.5,2.7,0.562,0.529,1.7,2.1,0.815,0.6,1.5,2.1,0.9,0.2,0.4,0.7,1.4,6.1
178.0,Josh Green,SG,23,DAL,47,30.0,27.5,3.4,6.9,0.489,1.4,3.5,0.41,1.9,3.3,0.573,0.594,0.7,1.1,0.66,0.7,2.6,3.3,2.5,0.9,0.1,1.1,2.0,8.9
179.0,AJ Griffin,SF,20,ATL,18,0.0,7.3,0.7,2.5,0.289,0.5,1.8,0.273,0.2,0.7,0.333,0.389,0.1,0.1,1.0,0.1,0.7,0.8,0.2,0.1,0.1,0.3,0.3,2.1
180.0,Quentin Grimes,SG,23,TOT,49,18.0,20.2,2.4,6.4,0.382,1.7,4.7,0.351,0.8,1.7,0.47,0.511,0.6,0.8,0.73,0.3,1.7,2.0,1.2,0.7,0.1,0.5,1.4,7.1
181.0,Mouhamadou Gueye,PF,25,TOR,1,0.0,6.0,1.0,3.0,0.333,0.0,0.0,1.0,3.0,0.333,0.333,0.0,0.0,2.0,1.0,3.0,0.0,0.0,2.0,0.0,1.0,2.0,,
182.0,Mouhamed Gueye,PF,21,ATL,2,0.0,2.0,0.0,0.5,0.0,0.0,0.5,0.0,0.0,0.0,0.0,0.0,0.0,0.0,0.0,0.0,0.0,0.5,0.0,0.0,0.5,0.0,,
183.0,Rui Hachimura,PF,25,LAL,47,18.0,25.0,4.7,9.1,0.513,1.3,3.1,0.401,3.4,6.0,0.571,0.582,1.5,2.0,0.726,0.8,3.0,3.8,1.0,0.7,0.3,0.7,1.4,12.0
184.0,Ashton Hagans,PG,24,POR,8,1.0,13.6,1.3,3.0,0.417,0.0,0.5,0.0,1.3,2.5,0.5,0.417,0.5,0.8,0.667,0.6,1.0,1.6,1.8,0.3,0.6,0.8,2.0,3.0
185.0,Tyrese Haliburton,PG,23,IND,48,47.0,31.9,7.5,15.6,0.485,3.0,7.8,0.387,4.5,7.8,0.583,0.582,2.9,3.4,0.847,0.5,3.2,3.7,11.4,1.1,0.6,2.3,0.9,21.0
186.0,R.J. Hampton,PG,22,MIA,8,2.0,9.5,0.5,1.8,0.286,0.1,1.0,0.125,0.4,0.8,0.5,0.321,0.1,0.3,0.5,0.3,0.5,0.8,1.0,0.0,0.0,0.4,1.0,1.3
187.0,Tim Hardaway Jr.,SF,31,DAL,57,10.0,29.3,5.7,13.9,0.413,3.1,8.4,0.363,2.7,5.5,0.489,0.523,2.2,2.5,0.875,0.3,3.3,3.6,1.7,0.5,0.1,1.0,1.5,16.7
188.0,James Harden,PG,34,LAC,53,53.0,34.5,5.2,11.5,0.451,2.8,6.8,0.416,2.3,4.7,0.502,0.574,4.5,5.1,0.881,0.5,4.6,5.1,8.3,1.1,0.9,2.6,1.9,17.6
189.0,Jaden Hardy,SG,21,DAL,54,6.0,14.8,2.9,7.1,0.407,1.3,3.6,0.365,1.6,3.6,0.448,0.497,0.7,1.0,0.717,0.3,1.6,1.9,1.6,0.3,0.1,0.7,1.1,7.8
190.0,Ron Harper Jr.,Jr.,PF,23,TOR,1.0,0.0,4.0,0.0,0.0,0.0,0.0,0.0,0.0,0.0,0.0,0.0,0.0,0.0,1.0,0.0,0.0,0.0,2.0,0.0,,,,
191.0,Gary Harris,SG,29,ORL,37,10.0,22.8,2.5,5.6,0.449,1.4,3.8,0.369,1.1,1.8,0.621,0.575,0.7,0.9,0.771,0.5,1.2,1.7,1.7,0.9,0.3,0.5,1.7,7.2
192.0,Joe Harris,SG,32,DET,16,0.0,10.6,0.9,2.4,0.359,0.6,1.9,0.333,0.3,0.6,0.444,0.487,0.1,0.1,0.5,0.2,0.6,0.8,0.6,0.2,0.1,0.3,1.2,2.4
193.0,Kevon Harris,SG,26,ORL,2,0.0,3.0,1.0,1.5,0.667,0.0,0.0,1.0,1.5,0.667,0.667,0.0,0.0,0.0,1.0,1.0,0.5,0.0,0.0,0.5,1.5,2.0,,
194.0,Tobias Harris,PF,31,PHI,53,53.0,33.8,6.7,13.4,0.498,1.2,3.5,0.351,5.5,9.9,0.549,0.544,2.9,3.2,0.899,1.1,5.0,6.1,3.2,1.0,0.6,1.4,1.7,17.5
195.0,Shaquille Harrison,SG,30,MEM,3,0.0,2.0,0.3,0.7,0.5,0.0,0.0,0.3,0.7,0.5,0.5,0.0,0.0,0.0,0.7,0.7,0.0,0.0,0.3,0.0,0.0,0.7,,
196.0,Josh Hart,SF,28,NYK,59,20.0,31.0,3.3,7.7,0.425,1.0,3.2,0.319,2.3,4.6,0.498,0.49,1.0,1.3,0.769,1.4,6.0,7.4,3.4,0.8,0.3,1.3,1.9,8.6
197.0,Isaiah Hartenstein,C,25,NYK,54,28.0,25.2,2.7,4.5,0.612,0.0,0.1,0.333,2.7,4.4,0.615,0.614,1.4,2.0,0.729,3.4,5.1,8.5,2.1,1.1,1.1,1.2,2.8,6.9
198.0,Sam Hauser,SF,26,BOS,58,6.0,21.1,2.7,6.1,0.447,2.2,5.2,0.416,0.5,0.8,0.646,0.627,0.3,0.3,0.882,0.6,2.7,3.3,0.9,0.4,0.3,0.5,1.3,7.8
199.0,Jordan Hawkins,SG,21,NOP,54,10.0,19.7,3.1,7.8,0.393,1.9,5.2,0.373,1.1,2.6,0.434,0.517,1.2,1.4,0.853,0.5,2.1,2.6,1.2,0.3,0.1,0.7,1.2,9.3
200.0,Jaxson Hayes,C,23,LAL,50,3.0,11.2,1.6,2.3,0.693,0.0,0.1,0.0,1.6,2.1,0.738,0.693,0.6,0.9,0.596,0.8,1.6,2.4,0.4,0.5,0.4,0.4,1.6,3.7
201.0,Killian Hayes,PG,22,DET,42,31.0,24.0,2.8,6.7,0.413,0.5,1.8,0.297,2.3,5.0,0.455,0.452,0.8,1.2,0.66,0.3,2.6,2.8,4.9,0.9,0.5,1.2,1.8,6.9
202.0,Gordon Hayward,SF,33,TOT,30,25.0,29.0,4.8,10.6,0.454,0.7,2.0,0.361,4.1,8.5,0.477,0.489,2.2,2.8,0.774,1.0,3.6,4.5,4.0,0.9,0.4,1.7,1.6,12.5
203.0,Scoot Henderson,PG,19,POR,43,16.0,27.0,4.4,11.8,0.375,1.2,3.9,0.31,3.2,7.9,0.408,0.427,2.8,3.4,0.818,0.9,2.1,3.0,4.7,0.6,0.2,3.0,3.0,12.9
204.0,Taylor Hendricks,PF,20,UTA,21,4.0,17.0,2.1,5.0,0.415,1.0,3.0,0.328,1.1,2.0,0.548,0.514,0.4,0.5,0.818,1.1,2.5,3.6,0.5,0.7,0.5,0.8,1.6,5.6
205.0,Tyler Herro,SG,24,MIA,36,36.0,33.6,7.9,18.0,0.437,3.3,8.1,0.399,4.6,9.9,0.468,0.527,1.8,2.2,0.835,0.5,4.8,5.3,4.4,0.8,0.1,2.1,1.4,20.8
206.0,Buddy Hield,SF-SG,31,TOT,61,37.0,27.0,4.7,10.5,0.445,2.8,7.1,0.39,1.9,3.3,0.564,0.578,0.5,0.6,0.838,0.6,2.6,3.2,3.1,0.9,0.5,1.3,2.2,12.6
207.0,Haywood Highsmith,PF,27,MIA,43,24.0,21.0,2.2,5.0,0.437,1.1,3.0,0.378,1.1,2.0,0.523,0.549,0.5,0.6,0.808,0.9,2.0,2.9,1.0,1.0,0.5,0.6,2.0,6.0
208.0,Nate Hinton,SG,24,HOU,11,0.0,5.3,0.9,1.8,0.5,0.6,1.0,0.636,0.3,0.8,0.333,0.675,0.4,0.5,0.8,0.3,0.8,1.1,0.5,0.2,0.2,0.2,0.9,2.8
209.0,D'Moi Hodge,SG,25,LAL,7,0.0,5.9,0.7,2.1,0.333,0.4,1.7,0.25,0.3,0.4,0.667,0.433,0.1,0.3,0.5,0.0,0.0,0.0,0.7,0.1,0.1,0.1,0.6,2.0
210.0,Aaron Holiday,PG,27,HOU,56,1.0,17.3,2.5,5.5,0.455,1.2,3.0,0.41,1.3,2.6,0.507,0.565,0.7,0.8,0.889,0.3,1.4,1.7,1.8,0.5,0.1,0.8,1.6,7.0
211.0,Jrue Holiday,PG,33,BOS,54,54.0,33.2,4.9,10.3,0.481,2.1,4.6,0.449,2.9,5.7,0.506,0.581,1.0,1.3,0.824,1.3,4.4,5.7,4.9,0.9,0.7,1.9,1.6,13.0
212.0,Justin Holiday,SG,34,DEN,37,9.0,14.0,1.4,3.1,0.447,0.9,2.2,0.395,0.5,0.9,0.576,0.588,0.1,0.1,0.75,0.2,1.1,1.2,0.9,0.6,0.1,0.2,1.3,3.7
213.0,Richaun Holmes,C-PF,30,TOT,30,2.0,10.4,1.6,2.8,0.553,0.0,0.0,1.0,1.5,2.8,0.548,0.559,0.5,0.9,0.615,1.3,2.0,3.3,0.5,0.1,0.4,0.5,1.4,3.7
214.0,Chet Holmgren,C,21,OKC,59,59.0,30.2,6.5,11.9,0.544,1.7,4.3,0.398,4.7,7.6,0.628,0.617,2.5,3.2,0.784,1.6,6.2,7.7,2.7,0.7,2.6,1.7,2.6,17.2
215.0,Jalen Hood-Schifino,SG,20,LAL,19,0.0,5.4,0.5,2.2,0.244,0.1,0.7,0.154,0.4,1.5,0.286,0.268,0.6,0.9,0.611,0.1,0.5,0.6,0.4,0.2,0.1,0.5,0.7,1.7
216.0,Al Horford,C,37,BOS,49,22.0,27.0,3.0,6.1,0.495,1.6,3.8,0.404,1.5,2.3,0.649,0.622,0.3,0.4,0.85,1.3,5.4,6.7,2.7,0.5,1.0,0.7,1.5,7.9
217.0,Talen Horton-Tucker,PG,23,UTA,37,11.0,19.9,3.7,9.1,0.409,1.1,3.4,0.325,2.6,5.7,0.46,0.47,1.8,2.2,0.795,0.5,1.9,2.5,3.8,1.0,0.3,1.5,1.9,10.4
218.0,Danuel House Jr.,SF,30,PHI,34,4.0,15.0,1.4,3.1,0.448,0.4,1.5,0.3,0.9,1.6,0.582,0.519,1.0,1.4,0.761,0.5,1.2,1.7,0.8,0.4,0.1,0.6,1.3,4.2
219.0,Caleb Houstan,SF,21,ORL,43,9.0,15.4,1.6,4.0,0.398,1.4,3.7,0.381,0.2,0.3,0.636,0.576,0.4,0.5,0.773,0.5,1.2,1.7,0.6,0.3,0.1,0.3,1.2,5.0
220.0,Jett Howard,SF,20,ORL,13,0.0,3.8,0.6,1.7,0.364,0.4,1.3,0.294,0.2,0.4,0.6,0.477,0.2,0.3,0.5,0.1,0.3,0.4,0.2,0.0,0.1,0.2,0.2,1.8
221.0,Kevin Huerter,SG,25,SAC,57,52.0,25.3,4.1,9.2,0.449,2.1,5.6,0.369,2.1,3.6,0.576,0.562,0.6,0.8,0.766,0.6,3.1,3.6,2.6,0.6,0.4,0.8,2.1,10.9
222.0,Jay Huff,C,25,DEN,12,0.0,2.8,0.5,0.9,0.545,0.3,0.7,0.375,0.3,0.3,1.0,0.682,0.2,0.2,1.0,0.1,0.7,0.8,0.1,0.1,0.0,0.1,0.6,1.4
223.0,De'Andre Hunter,SF,26,ATL,35,24.0,28.2,5.1,10.6,0.478,1.9,4.6,0.416,3.1,6.0,0.526,0.569,3.2,3.6,0.89,0.6,3.3,3.9,1.3,0.8,0.3,1.3,2.7,15.3
224.0,Matthew Hurt,PF,23,MEM,5,0.0,13.6,1.4,4.0,0.35,0.6,2.2,0.273,0.8,1.8,0.444,0.425,0.6,0.6,1.0,1.0,0.8,1.8,0.6,0.0,0.4,0.0,0.6,4.0
225.0,Bones Hyland,PG,23,LAC,20,2.0,13.4,2.3,6.4,0.354,1.0,3.4,0.294,1.3,3.0,0.424,0.433,0.5,0.6,0.833,0.2,0.7,0.9,2.0,0.5,0.1,1.2,1.4,6.0
226.0,Joe Ingles,SF,36,ORL,46,0.0,17.3,1.6,3.8,0.417,1.1,2.6,0.417,0.5,1.2,0.418,0.56,0.4,0.5,0.857,0.3,1.9,2.2,3.0,0.7,0.1,0.9,1.4,4.7
227.0,Brandon Ingram,SF,26,NOP,55,55.0,33.3,8.1,16.6,0.491,1.4,4.0,0.361,6.7,12.6,0.532,0.534,4.2,5.2,0.804,0.7,4.3,5.0,5.8,0.8,0.6,2.6,2.3,21.9
228.0,Kyrie Irving,SG,31,DAL,38,38.0,34.2,9.8,19.9,0.491,2.9,7.1,0.418,6.8,12.8,0.532,0.566,3.2,3.6,0.891,0.8,4.3,5.1,5.1,1.2,0.5,1.6,1.9,25.7
229.0,Jonathan Isaac,PF,26,ORL,40,1.0,14.8,2.3,4.8,0.479,0.5,1.7,0.299,1.8,3.1,0.577,0.532,1.1,1.6,0.71,1.3,3.0,4.2,0.5,0.7,1.2,0.5,1.1,6.2
230.0,Jaden Ivey,SG,21,DET,55,39.0,28.0,5.3,11.9,0.445,1.5,4.4,0.349,3.8,7.5,0.501,0.509,3.0,4.1,0.741,1.2,2.3,3.6,3.7,0.7,0.6,2.4,2.9,15.1
231.0,Andre Jackson Jr.,SG,22,MIL,47,8.0,10.6,1.0,1.9,0.529,0.3,0.9,0.375,0.7,1.0,0.66,0.615,0.2,0.2,0.727,0.8,1.2,2.0,0.9,0.3,0.1,0.4,1.7,2.4
232.0,GG Jackson II,PF,19,MEM,27,1.0,20.1,3.9,8.8,0.443,1.7,4.4,0.392,2.1,4.3,0.496,0.542,1.7,2.4,0.682,1.0,2.4,3.4,0.7,0.4,0.6,1.0,1.2,11.2
233.0,Isaiah Jackson,C,22,IND,46,3.0,13.7,2.8,4.3,0.662,0.0,0.1,0.0,2.8,4.2,0.675,0.662,1.3,1.9,0.709,1.6,2.6,4.2,0.9,0.6,1.1,0.8,2.5,7.0
234.0,Jaren Jackson Jr.,C,24,MEM,54,54.0,31.9,7.7,17.3,0.446,1.9,5.7,0.325,5.9,11.6,0.506,0.499,5.1,6.3,0.818,1.2,4.3,5.5,2.1,1.1,1.5,2.4,3.5,22.4
235.0,Justin Jackson,SF,28,MIN,2,0.0,0.5,0.0,0.0,0.0,0.0,0.0,0.0,0.0,0.0,0.0,0.0,0.0,0.0,0.0,0.0,0.0,0.0,0.0,,,,,
236.0,Reggie Jackson,PG,33,DEN,60,16.0,23.0,4.2,9.4,0.449,1.2,3.5,0.354,3.0,5.9,0.506,0.515,0.9,1.1,0.776,0.4,1.6,2.0,3.9,0.6,0.2,1.3,1.9,10.5
237.0,Trayce Jackson-Davis,PF,23,GSW,46,3.0,12.9,2.8,4.0,0.69,0.0,0.0,2.8,4.0,0.69,0.69,1.0,1.8,0.578,1.6,2.3,3.9,0.9,0.3,0.8,0.6,1.6,6.6,
238.0,LeBron James,PF,39,LAL,53,53.0,35.0,9.5,18.2,0.525,2.2,5.5,0.408,7.3,12.7,0.576,0.587,3.9,5.4,0.736,0.9,6.2,7.1,7.9,1.2,0.6,3.2,1.2,25.3
239.0,Jaime Jaquez Jr.,SF,22,MIA,53,17.0,29.5,4.9,10.0,0.492,0.9,2.8,0.318,4.0,7.2,0.559,0.536,2.0,2.4,0.814,1.3,2.7,3.9,2.6,1.1,0.2,1.7,2.3,12.7
240.0,DaQuan Jeffries,SG,26,NYK,13,0.0,2.6,0.4,1.1,0.357,0.1,0.5,0.143,0.3,0.5,0.571,0.393,0.0,0.2,0.0,0.0,0.4,0.4,0.2,0.0,0.0,0.1,0.2,0.8
241.0,Trey Jemison,C,24,TOT,10,4.0,17.1,1.9,3.9,0.487,0.0,0.0,1.9,3.9,0.487,0.487,0.7,0.9,0.778,1.7,2.0,3.7,0.8,0.4,1.0,1.0,2.8,4.5,
242.0,Ty Jerome,SG,26,CLE,2,0.0,7.5,1.0,2.0,0.5,0.0,0.5,0.0,1.0,1.5,0.667,0.5,0.0,0.0,0.5,0.0,0.5,1.5,0.0,0.0,0.5,1.0,2.0,
243.0,Isaiah Joe,SG,24,OKC,55,0.0,18.6,2.9,6.2,0.474,1.9,4.5,0.43,1.0,1.7,0.593,0.631,0.6,0.7,0.85,0.4,1.9,2.3,1.1,0.6,0.3,0.6,1.2,8.4
244.0,Cameron Johnson,PF,27,BRK,46,42.0,27.9,5.0,11.0,0.453,2.4,6.2,0.394,2.5,4.8,0.527,0.563,1.2,1.7,0.75,1.0,3.4,4.5,2.6,0.8,0.3,1.0,1.8,13.6
245.0,Jalen Johnson,SF,22,ATL,45,42.0,34.2,6.4,12.2,0.522,1.2,3.4,0.346,5.2,8.8,0.59,0.57,1.9,2.6,0.731,1.3,7.4,8.7,3.4,1.2,0.9,1.8,2.6,15.8
246.0,James Johnson,PF,36,IND,6,0.0,5.3,0.3,1.0,0.333,0.0,0.2,0.0,0.3,0.8,0.4,0.333,0.3,0.3,1.0,0.2,0.5,0.7,1.0,0.7,0.2,0.3,1.2,1.0
247.0,Keldon Johnson,SF,24,SAS,56,26.0,29.6,5.7,12.8,0.448,1.7,5.2,0.336,4.0,7.6,0.525,0.516,2.6,3.3,0.781,1.4,4.1,5.4,3.0,0.8,0.3,1.5,2.3,15.8
248.0,Keon Johnson,SG,21,BRK,4,0.0,12.8,1.8,4.8,0.368,1.0,2.3,0.444,0.8,2.5,0.3,0.474,2.5,2.5,1.0,0.8,0.5,1.3,0.8,0.8,0.3,1.0,1.0,7.0
249.0,Keyontae Johnson,SF,23,OKC,9,0.0,7.3,0.6,1.8,0.313,0.1,0.3,0.333,0.4,1.4,0.308,0.344,0.0,0.0,0.4,0.7,1.1,0.4,0.1,0.0,0.4,0.6,1.2,
250.0,Nikola Jokić,C,28,DEN,58,58.0,33.9,10.1,17.4,0.58,1.0,2.9,0.345,9.1,14.5,0.628,0.609,4.5,5.5,0.819,2.9,9.4,12.3,9.3,1.2,0.9,2.9,2.6,25.8
251.0,Colby Jones,SG,21,SAC,17,0.0,7.1,1.0,2.7,0.37,0.1,0.8,0.077,0.9,1.9,0.485,0.38,0.1,0.3,0.4,0.6,0.9,1.5,0.6,0.2,0.1,0.3,0.9,2.2
252.0,Damian Jones,C,28,CLE,25,0.0,6.0,0.7,1.3,0.531,0.1,0.3,0.286,0.6,1.0,0.6,0.563,0.4,0.4,0.909,0.4,1.0,1.3,0.5,0.1,0.4,0.4,0.6,1.8
253.0,Derrick Jones Jr.,SF,26,DAL,55,47.0,24.2,3.3,6.8,0.481,1.1,3.4,0.339,2.1,3.4,0.624,0.566,1.3,1.7,0.729,1.1,2.5,3.5,1.0,0.7,0.7,0.9,1.7,8.9
254.0,Herbert Jones,SF,25,NOP,56,56.0,29.4,4.1,7.9,0.514,1.5,3.5,0.429,2.6,4.4,0.581,0.609,1.8,2.1,0.852,1.1,2.5,3.6,2.4,1.3,0.8,1.2,2.9,11.4
255.0,Mason Jones,SG,25,SAC,1,0.0,13.0,0.0,3.0,0.0,0.0,2.0,0.0,0.0,1.0,0.0,0.0,1.0,2.0,0.5,1.0,3.0,4.0,4.0,0.0,0.0,0.0,0.0,1.0
256.0,Tre Jones,PG,24,SAS,55,26.0,26.4,3.9,7.6,0.512,0.7,2.3,0.32,3.1,5.2,0.597,0.561,1.4,1.6,0.872,0.7,2.6,3.3,5.9,1.0,0.1,1.5,1.2,9.9
257.0,Tyus Jones,PG,27,WAS,60,60.0,29.2,5.0,10.2,0.493,1.6,3.8,0.418,3.5,6.4,0.536,0.57,0.5,0.6,0.789,0.3,2.4,2.7,7.3,1.1,0.3,1.0,0.8,12.1
258.0,DeAndre Jordan,C,35,DEN,29,1.0,11.3,1.7,2.6,0.632,0.0,0.0,1.7,2.6,0.632,0.632,0.8,1.7,0.449,1.7,2.9,4.6,0.7,0.2,0.4,0.7,1.7,4.1,
259.0,Cory Joseph,PG,32,GSW,26,0.0,11.4,0.9,2.5,0.359,0.5,1.6,0.31,0.4,0.8,0.455,0.461,0.2,0.3,0.571,0.2,0.9,1.2,1.6,0.2,0.1,0.5,1.0,2.4
260.0,Nikola Jović,PF,20,MIA,25,17.0,17.0,2.1,4.9,0.431,1.2,2.6,0.453,1.0,2.4,0.407,0.549,0.6,1.0,0.538,0.7,3.4,4.1,1.8,0.4,0.3,1.0,1.8,6.0
261.0,Johnny Juzang,SG,22,UTA,3,0.0,3.0,0.0,1.3,0.0,0.0,1.3,0.0,0.0,0.0,0.0,0.0,0.0,0.0,0.0,0.0,0.3,0.0,0.0,0.0,0.3,0.0,,
262.0,Luke Kennard,SG,27,MEM,29,13.0,24.7,3.5,7.8,0.445,2.7,6.0,0.448,0.8,1.8,0.434,0.617,1.1,1.2,0.861,0.3,2.6,2.9,2.9,0.5,0.0,1.0,1.1,10.7
263.0,Walker Kessler,C,22,UTA,51,17.0,23.3,3.7,5.7,0.652,0.1,0.4,0.211,3.7,5.4,0.682,0.659,0.9,1.6,0.568,2.5,4.9,7.4,0.9,0.5,2.7,1.0,2.1,8.5
264.0,Braxton Key,SF,26,DEN,17,0.0,3.2,0.4,0.9,0.375,0.1,0.2,0.25,0.3,0.7,0.417,0.406,0.2,0.4,0.667,0.2,0.6,0.8,0.5,0.1,0.1,0.1,0.3,1.0
265.0,Corey Kispert,SF,24,WAS,58,2.0,22.8,4.5,9.2,0.483,2.1,5.6,0.367,2.4,3.6,0.665,0.595,1.4,1.8,0.767,0.3,2.2,2.5,1.7,0.4,0.2,1.1,1.6,12.4
266.0,Maxi Kleber,C,32,DAL,23,7.0,22.1,1.9,4.2,0.448,0.9,2.4,0.357,1.0,1.7,0.575,0.552,0.7,1.2,0.63,0.7,2.8,3.5,1.7,0.3,0.7,0.9,1.9,5.3
267.0,Kevin Knox,SF,24,DET,31,11.0,18.1,2.8,6.0,0.462,1.0,3.0,0.33,1.8,3.0,0.598,0.546,0.6,0.7,0.909,0.6,1.8,2.4,0.7,0.4,0.2,0.7,1.6,7.2
268.0,John Konchar,SF,27,MEM,45,15.0,19.5,1.5,3.6,0.426,0.6,2.0,0.297,0.9,1.6,0.592,0.509,0.3,0.4,0.813,1.2,3.1,4.3,1.8,0.8,0.9,0.6,1.2,4.0
269.0,Furkan Korkmaz,SG,26,PHI,35,0.0,8.6,0.9,2.2,0.395,0.4,1.1,0.35,0.5,1.0,0.444,0.487,0.4,0.6,0.7,0.1,0.7,0.9,0.7,0.4,0.1,0.3,0.5,2.5
270.0,Luke Kornet,C,28,BOS,42,2.0,14.7,2.1,3.0,0.698,0.0,0.0,2.1,3.0,0.698,0.698,0.7,0.8,0.886,1.8,2.0,3.9,0.9,0.4,1.0,0.4,1.4,4.9,
271.0,Vit Krejci,PG,23,ATL,1,0.0,2.0,0.0,0.0,0.0,0.0,0.0,0.0,0.0,0.0,0.0,0.0,0.0,0.0,0.0,0.0,0.0,0.0,0.0,,,,,
272.0,Jonathan Kuminga,PF,21,GSW,58,32.0,25.7,6.0,11.3,0.533,0.7,2.3,0.303,5.3,9.0,0.591,0.563,3.0,4.1,0.728,1.3,3.5,4.8,2.1,0.7,0.5,1.6,2.1,15.7
273.0,Kyle Kuzma,PF,28,WAS,58,58.0,31.9,8.7,18.9,0.462,2.3,6.8,0.342,6.4,12.1,0.53,0.524,2.4,3.1,0.782,1.0,5.6,6.6,4.0,0.5,0.7,2.7,2.2,22.2
274.0,Jock Landale,C,28,HOU,33,0.0,8.9,0.9,2.3,0.387,0.1,0.5,0.111,0.8,1.7,0.474,0.4,0.5,0.7,0.773,1.3,0.9,2.2,0.6,0.2,0.4,0.4,0.9,2.3
275.0,Jake LaRavia,PF,22,MEM,15,0.0,14.1,1.9,5.2,0.372,0.7,2.7,0.244,1.3,2.5,0.514,0.436,0.7,0.9,0.786,0.9,1.3,2.1,0.9,0.3,0.2,0.5,1.7,5.3
276.0,Zach LaVine,SG,28,CHI,25,23.0,34.9,6.8,15.0,0.452,2.4,6.8,0.349,4.4,8.3,0.536,0.531,3.5,4.1,0.854,0.3,4.8,5.2,3.9,0.8,0.3,2.1,2.3,19.5
277.0,A.J. Lawson,SG,23,DAL,28,0.0,8.3,1.4,3.0,0.471,0.5,1.4,0.325,1.0,1.6,0.6,0.547,0.4,0.7,0.632,0.4,0.8,1.2,0.5,0.3,0.1,0.4,0.7,3.8
278.0,Saben Lee,PG,24,PHO,16,0.0,7.7,0.9,2.3,0.417,0.1,0.6,0.1,0.9,1.6,0.538,0.431,1.6,2.1,0.758,0.4,1.1,1.5,1.3,0.4,0.2,0.4,0.4,3.5
279.0,Alex Len,C,30,SAC,25,0.0,8.7,1.2,2.0,0.592,0.0,0.1,0.0,1.2,1.8,0.63,0.592,0.3,0.7,0.412,1.2,1.7,2.9,0.9,0.3,0.5,0.6,1.1,2.6
280.0,Kawhi Leonard,SF,32,LAC,53,53.0,34.3,9.0,17.1,0.527,2.2,5.1,0.438,6.8,12.0,0.565,0.593,3.7,4.2,0.892,1.2,5.0,6.2,3.7,1.7,0.8,1.7,1.5,24.0
281.0,Caris LeVert,SG,29,CLE,48,1.0,27.7,5.1,12.3,0.418,1.6,5.0,0.331,3.5,7.3,0.479,0.486,2.2,2.9,0.759,0.5,3.3,3.8,4.7,0.9,0.5,1.5,1.8,14.1
282.0,Kira Lewis Jr.,PG,22,TOT,19,0.0,8.1,0.9,2.8,0.315,0.1,1.1,0.095,0.8,1.7,0.455,0.333,0.5,0.6,0.909,0.3,0.5,0.8,1.1,0.3,0.1,0.4,0.5,2.4
283.0,Maxwell Lewis,SF,21,LAL,20,0.0,3.5,0.2,0.6,0.25,0.1,0.2,0.333,0.1,0.5,0.222,0.292,0.0,0.0,0.1,0.1,0.2,0.2,0.1,0.0,0.3,0.2,0.4,
284.0,E.J. Liddell,PF,23,NOP,8,0.0,2.9,0.1,0.8,0.167,0.0,0.6,0.0,0.1,0.1,1.0,0.167,0.3,0.3,1.0,0.0,0.6,0.6,0.1,0.3,0.3,0.3,0.3,0.5
285.0,Damian Lillard,PG,33,MIL,56,56.0,34.8,7.3,17.3,0.42,2.9,8.5,0.345,4.4,8.9,0.492,0.505,6.7,7.3,0.924,0.5,3.8,4.4,6.8,1.1,0.2,2.6,1.8,24.2
286.0,Nassir Little,SF,23,PHO,34,2.0,12.5,1.4,3.1,0.458,0.6,1.8,0.317,0.9,1.4,0.638,0.547,0.5,0.6,0.85,0.4,1.7,2.1,0.6,0.3,0.3,0.4,1.1,3.9
287.0,Dereck Lively II,C,19,DAL,42,40.0,25.0,4.1,5.5,0.751,0.0,0.0,0.0,4.1,5.4,0.758,0.751,0.9,1.7,0.529,2.7,4.7,7.4,1.2,0.7,1.5,1.0,2.8,9.1
288.0,Isaiah Livers,PF,25,DET,23,6.0,20.4,1.7,5.0,0.345,1.0,3.3,0.286,0.8,1.7,0.462,0.44,0.5,0.8,0.667,0.7,1.4,2.1,1.1,0.6,0.2,0.7,1.9,5.0
289.0,Chris Livingston,SF,20,MIL,16,0.0,4.3,0.4,1.0,0.438,0.1,0.2,0.333,0.4,0.8,0.462,0.469,0.1,0.1,1.0,0.1,0.8,0.9,0.3,0.1,0.0,0.3,0.7,1.1
290.0,Kenneth Lofton Jr.,PF,21,TOT,17,0.0,6.4,0.9,2.5,0.349,0.2,0.7,0.25,0.7,1.8,0.387,0.384,0.5,0.9,0.533,0.1,0.9,1.1,0.8,0.2,0.2,0.5,0.9,2.4
291.0,Kevon Looney,C,27,GSW,59,36.0,17.2,1.9,3.2,0.603,0.0,0.0,0.0,1.9,3.2,0.606,0.603,0.7,1.1,0.672,2.1,4.0,6.1,2.1,0.4,0.4,0.7,2.2,4.6
292.0,Brook Lopez,C,35,MIL,58,58.0,31.2,4.8,10.0,0.479,1.8,5.3,0.346,2.9,4.7,0.629,0.571,1.4,1.6,0.842,1.5,3.9,5.4,1.7,0.6,2.7,0.9,2.5,12.8
293.0,Robin Lopez,C,35,MIL,16,2.0,4.1,0.4,1.2,0.368,0.1,0.5,0.25,0.3,0.7,0.455,0.421,0.1,0.1,1.0,0.2,0.1,0.3,0.3,0.1,0.2,0.1,0.4,1.1
294.0,Kevin Love,PF,35,MIA,47,5.0,17.5,2.9,6.5,0.443,1.6,4.5,0.349,1.3,2.0,0.656,0.564,1.7,2.2,0.779,1.1,5.1,6.2,2.2,0.3,0.2,0.8,1.8,9.0
295.0,Kyle Lowry,PG,37,TOT,41,36.0,27.9,2.8,6.4,0.437,1.6,4.2,0.39,1.2,2.2,0.527,0.565,0.9,1.1,0.844,0.7,2.8,3.5,4.1,1.0,0.4,1.4,2.5,8.2
296.0,Seth Lundy,SF,23,ATL,9,0.0,5.8,0.4,1.9,0.235,0.3,1.4,0.231,0.1,0.4,0.25,0.324,0.3,0.4,0.75,0.1,0.7,0.8,0.0,0.0,0.0,0.1,0.7,1.6
297.0,Trey Lyles,PF,28,SAC,44,0.0,19.8,2.5,5.4,0.456,1.5,3.8,0.399,0.9,1.6,0.594,0.597,0.8,1.2,0.667,1.0,3.5,4.5,1.2,0.3,0.3,0.7,1.6,7.3
298.0,Théo Maledon,PG,22,TOT,16,1.0,13.3,1.3,4.3,0.29,0.3,1.9,0.167,0.9,2.4,0.385,0.326,0.9,0.9,0.933,0.3,1.3,1.5,1.8,0.4,0.0,1.1,1.3,3.7
299.0,Sandro Mamukelashvili,C,24,SAS,32,0.0,6.6,1.0,2.2,0.437,0.3,1.1,0.235,0.7,1.2,0.622,0.493,0.4,0.5,0.706,0.6,1.2,1.8,0.9,0.2,0.3,0.3,0.7,2.6
300.0,Terance Mann,SG,27,LAC,52,48.0,25.4,3.2,6.5,0.487,0.9,2.8,0.32,2.3,3.7,0.615,0.556,0.9,1.1,0.776,1.3,2.2,3.5,1.8,0.5,0.2,0.6,1.8,8.1
301.0,Tre Mann,PG,22,TOT,22,9.0,17.7,2.6,6.0,0.443,1.0,2.6,0.404,1.6,3.4,0.473,0.531,0.6,0.8,0.778,0.4,2.8,3.2,2.9,0.8,0.0,1.0,1.0,7.0
302.0,Boban Marjanović,C,35,HOU,9,0.0,5.3,1.1,2.3,0.476,0.0,0.2,0.0,1.1,2.1,0.526,0.476,0.3,0.7,0.5,0.7,1.8,2.4,0.4,0.0,0.1,0.2,0.4,2.6
303.0,Lauri Markkanen,PF,26,UTA,50,50.0,32.7,7.8,16.1,0.486,3.2,8.0,0.4,4.6,8.1,0.571,0.585,4.2,4.8,0.887,2.3,6.1,8.3,1.9,0.8,0.5,1.3,1.8,23.0
304.0,Naji Marshall,SF,26,NOP,49,1.0,18.9,2.4,5.4,0.447,0.8,2.2,0.37,1.6,3.2,0.5,0.523,1.3,1.6,0.785,0.9,2.6,3.5,2.0,0.7,0.2,1.1,1.4,6.9
305.0,Caleb Martin,SF,28,MIA,42,19.0,27.0,3.9,8.6,0.452,1.2,3.2,0.376,2.7,5.4,0.496,0.521,1.2,1.6,0.758,1.3,3.4,4.6,2.1,0.7,0.3,1.2,2.1,10.1
306.0,Cody Martin,SF,28,CHO,28,22.0,26.9,2.9,7.7,0.381,1.0,3.1,0.314,2.0,4.6,0.426,0.444,0.7,1.2,0.606,0.7,3.2,3.9,3.7,1.1,0.6,1.6,1.7,7.5
307.0,KJ Martin,SF,23,TOT,42,2.0,11.5,1.5,2.8,0.551,0.1,0.5,0.25,1.4,2.3,0.612,0.572,0.3,0.7,0.483,0.4,1.4,1.8,0.7,0.4,0.1,0.5,1.5,3.5
308.0,Garrison Mathews,SG,27,ATL,43,4.0,12.7,1.1,2.6,0.434,1.0,2.4,0.427,0.1,0.2,0.5,0.628,0.2,0.3,0.667,0.2,1.1,1.3,0.5,0.3,0.1,0.3,1.6,3.5
309.0,Bennedict Mathurin,SF,21,IND,57,19.0,26.0,5.0,11.2,0.449,1.4,3.6,0.38,3.7,7.6,0.482,0.51,3.0,3.6,0.827,1.1,3.0,4.1,2.0,0.6,0.2,1.7,2.0,14.5
310.0,Wesley Matthews,SG,37,ATL,22,1.0,11.2,0.7,2.2,0.313,0.5,1.7,0.27,0.2,0.5,0.455,0.417,0.6,0.9,0.7,0.2,1.3,1.5,0.6,0.5,0.3,0.3,1.3,2.5
311.0,Tyrese Maxey,PG,23,PHI,54,54.0,37.4,9.1,20.2,0.447,3.1,8.1,0.38,6.0,12.1,0.493,0.524,4.9,5.6,0.868,0.6,3.2,3.8,6.3,1.0,0.5,1.7,2.2,26.1
312.0,Skylar Mays,PG-SG,26,TOT,31,5.0,13.5,2.0,5.0,0.397,0.5,1.7,0.296,1.5,3.3,0.451,0.449,0.4,0.5,0.765,0.3,1.0,1.4,2.7,0.5,0.1,0.6,0.8,4.9
313.0,Miles McBride,PG,23,NYK,47,4.0,13.4,2.3,5.1,0.446,1.1,2.8,0.398,1.1,2.3,0.505,0.556,0.5,0.6,0.815,0.3,0.8,1.0,1.1,0.6,0.1,0.4,1.2,6.1
314.0,CJ McCollum,PG,32,NOP,45,45.0,31.6,6.8,14.9,0.458,3.4,8.0,0.425,3.4,6.9,0.497,0.572,1.8,2.3,0.794,0.6,3.7,4.3,4.5,1.1,0.8,1.5,2.1,18.8
315.0,T.J. McConnell,PG,31,IND,50,4.0,17.5,3.8,7.1,0.541,0.1,0.4,0.238,3.7,6.6,0.56,0.548,0.7,0.9,0.766,0.6,2.1,2.7,5.5,1.0,0.1,1.5,1.0,8.5
316.0,Jaden McDaniels,SF,23,MIN,50,49.0,29.1,4.3,8.4,0.509,1.3,3.4,0.374,3.0,5.0,0.602,0.585,0.7,0.9,0.778,0.7,2.0,2.7,1.4,0.9,0.6,1.3,3.2,10.6
317.0,Jalen McDaniels,SF,26,TOR,35,0.0,8.6,1.0,3.1,0.327,0.3,1.5,0.204,0.7,1.5,0.453,0.379,0.4,0.6,0.7,0.3,0.9,1.2,0.5,0.3,0.1,0.5,0.9,2.7
318.0,Doug McDermott,SF,32,TOT,52,0.0,14.7,2.0,4.6,0.427,1.5,3.7,0.415,0.4,0.9,0.478,0.594,0.2,0.4,0.579,0.2,0.8,1.0,1.2,0.2,0.0,0.5,1.0,5.7
319.0,JaVale McGee,C,36,SAC,39,0.0,7.9,1.9,3.0,0.629,0.0,0.1,0.0,1.9,2.9,0.652,0.629,0.6,1.1,0.581,0.9,1.9,2.9,0.4,0.2,0.5,0.8,1.1,4.4
320.0,Bryce McGowens,SG,21,CHO,47,13.0,15.9,1.8,4.0,0.45,0.6,1.9,0.345,1.2,2.2,0.539,0.529,1.0,1.4,0.766,0.3,1.6,1.9,0.9,0.4,0.1,0.5,1.4,5.3
321.0,Jordan McLaughlin,PG,27,MIN,37,0.0,8.9,1.0,2.3,0.424,0.6,1.3,0.429,0.4,1.0,0.417,0.547,0.1,0.2,0.5,0.3,0.8,1.0,1.7,0.7,0.2,0.4,0.5,2.6
322.0,De'Anthony Melton,SG,25,PHI,36,33.0,27.8,3.8,9.7,0.391,2.1,5.8,0.362,1.7,3.9,0.433,0.499,1.8,2.2,0.835,0.8,3.1,3.8,3.1,1.6,0.4,1.1,2.3,11.5
323.0,Nathan Mensah,C,25,CHO,25,0.0,12.3,0.5,1.1,0.429,0.0,0.0,0.5,1.1,0.429,0.429,0.4,0.5,0.75,1.2,1.4,2.6,0.4,0.2,0.6,0.6,2.6,1.3,
324.0,Sam Merrill,SG,27,CLE,41,0.0,15.4,2.6,6.0,0.435,2.3,5.2,0.435,0.3,0.8,0.438,0.624,0.3,0.3,0.917,0.4,1.5,1.9,1.5,0.3,0.0,0.3,1.0,7.8
325.0,Chimezie Metu,C,26,PHO,37,5.0,12.1,1.8,3.5,0.508,0.4,1.4,0.294,1.4,2.1,0.646,0.565,1.0,1.2,0.884,0.6,2.3,3.0,0.5,0.5,0.2,0.7,1.1,5.0
326.0,Vasilije Micić,PG,30,TOT,39,0.0,14.2,1.7,4.2,0.407,0.5,1.8,0.25,1.2,2.3,0.533,0.463,0.6,0.8,0.774,0.1,0.8,0.9,3.3,0.3,0.1,1.1,0.9,4.5
327.0,Khris Middleton,SF,32,MIL,43,43.0,26.3,5.6,11.6,0.487,1.7,4.5,0.378,3.9,7.1,0.556,0.56,1.8,2.2,0.832,0.6,3.7,4.3,5.0,0.9,0.3,2.1,2.4,14.8
328.0,Brandon Miller,SF,21,CHO,53,47.0,31.8,6.2,14.2,0.438,2.3,6.2,0.374,3.9,8.0,0.486,0.519,1.8,2.2,0.836,0.8,3.2,4.0,2.3,0.9,0.5,1.8,2.6,16.5
329.0,Jordan Miller,SF,24,LAC,5,0.0,4.2,0.8,1.2,0.667,0.2,0.2,1.0,0.6,1.0,0.6,0.75,0.4,0.4,1.0,0.4,0.4,0.8,0.0,0.0,0.0,0.2,0.4,2.2
330.0,Leonard Miller,SF,20,MIN,7,0.0,3.7,1.0,1.6,0.636,0.1,0.4,0.333,0.9,1.1,0.75,0.682,0.0,0.0,0.1,1.3,1.4,0.4,0.1,0.1,0.1,0.4,2.1,
331.0,Dariq Whitehead,SF,19,BRK,2,0.0,12.0,0.5,2.5,0.2,0.0,1.5,0.0,0.5,1.0,0.5,0.2,0.5,1.0,0.5,0.0,2.0,2.0,1.5,0.0,0.5,0.0,0.0,1.5
332.0,Patty Mills,PG,35,ATL,19,0.0,10.6,1.0,2.7,0.373,0.7,1.8,0.382,0.3,0.9,0.353,0.5,0.0,0.0,0.3,0.8,1.1,0.7,0.5,0.1,0.4,0.9,2.7,
333.0,Shake Milton,SG,27,TOT,42,0.0,13.2,1.8,4.4,0.403,0.4,1.5,0.274,1.4,3.0,0.468,0.449,0.9,1.1,0.809,0.3,1.3,1.6,1.3,0.4,0.1,0.7,1.1,4.9
334.0,Justin Minaya,SF,24,POR,19,0.0,7.9,0.3,1.3,0.24,0.2,0.8,0.188,0.2,0.5,0.333,0.3,0.2,0.3,0.5,0.5,0.5,1.1,0.4,0.3,0.3,0.3,0.5,0.9
335.0,Josh Minott,SF,21,MIN,21,0.0,3.0,0.5,1.0,0.476,0.0,0.3,0.167,0.4,0.7,0.6,0.5,0.6,0.7,0.857,0.1,0.4,0.6,0.1,0.1,0.1,0.1,0.3,1.6
336.0,Davion Mitchell,PG,25,SAC,49,4.0,13.4,1.6,3.7,0.43,0.6,1.8,0.315,1.0,1.8,0.544,0.508,0.4,0.6,0.741,0.1,0.9,1.0,1.7,0.2,0.1,0.6,1.2,4.1
337.0,Donovan Mitchell,SG,27,CLE,47,47.0,35.7,9.7,20.4,0.472,3.4,9.1,0.371,6.3,11.3,0.553,0.555,5.3,6.1,0.861,0.9,4.5,5.4,6.2,1.8,0.5,2.9,2.3,28.0
338.0,Evan Mobley,PF,22,CLE,36,36.0,31.4,6.6,11.3,0.586,0.3,0.9,0.333,6.3,10.4,0.608,0.599,2.4,3.4,0.713,2.4,7.8,10.3,2.9,0.9,1.6,1.9,2.9,16.0
339.0,Isaiah Mobley,PF,24,CLE,3,0.0,4.7,0.7,1.3,0.5,0.3,0.7,0.5,0.3,0.7,0.5,0.625,0.0,0.0,0.0,0.7,0.7,1.3,0.3,0.0,0.3,0.7,1.7,
340.0,Malik Monk,SG,25,SAC,58,0.0,25.9,5.5,12.2,0.451,2.2,5.9,0.374,3.3,6.2,0.525,0.543,2.3,2.8,0.804,0.3,2.4,2.8,5.2,0.6,0.6,2.1,2.0,15.4
341.0,Moses Moody,SG,21,GSW,45,7.0,17.5,3.0,6.4,0.465,1.1,3.1,0.353,1.9,3.3,0.57,0.55,1.1,1.4,0.778,1.0,2.0,3.0,0.8,0.7,0.4,0.7,1.2,8.1
342.0,Xavier Moon,SG,29,LAC,2,0.0,6.0,0.5,1.0,0.5,0.0,0.5,0.0,0.5,0.5,1.0,0.5,0.0,0.0,0.0,1.0,1.0,1.5,0.0,0.0,0.5,0.5,1.0,
343.0,Taze Moore,SG,25,POR,3,0.0,3.3,1.0,1.7,0.6,0.0,0.7,0.0,1.0,1.0,1.0,0.6,0.0,0.0,0.0,0.0,0.0,0.3,0.3,0.0,0.3,0.7,2.0,
344.0,Wendell Moore Jr.,Jr.,SG,22,MIN,14.0,0.0,3.1,0.4,0.7,0.5,0.0,0.3,0.0,0.4,0.4,0.833,0.5,0.0,0.0,0.0,0.4,0.4,0.1,0.4,0.1,0.2,0.3,0.7
345.0,Ja Morant,PG,24,MEM,9,9.0,35.3,8.9,18.9,0.471,1.6,5.7,0.275,7.3,13.2,0.555,0.512,5.8,7.1,0.813,0.7,4.9,5.6,8.1,0.8,0.6,3.0,2.1,25.1
346.0,Marcus Morris,PF,34,PHI,37,7.0,17.2,2.4,5.5,0.439,1.0,2.4,0.4,1.5,3.1,0.47,0.527,0.8,1.0,0.861,0.5,2.5,2.9,0.7,0.4,0.3,0.5,1.6,6.7
347.0,Markieff Morris,PF,34,DAL,18,1.0,8.9,0.9,2.7,0.327,0.6,1.7,0.333,0.3,1.1,0.316,0.429,0.2,0.2,0.75,0.2,1.4,1.7,0.6,0.3,0.1,0.5,0.6,2.5
348.0,Monte Morris,PG,28,TOT,14,0.0,14.6,2.1,5.5,0.377,0.6,2.3,0.281,1.4,3.2,0.444,0.435,0.4,0.6,0.625,0.2,1.6,1.9,2.2,0.5,0.2,0.2,0.4,5.1
349.0,Trey Murphy III,SF,23,NOP,36,10.0,27.0,4.4,10.2,0.429,2.6,7.4,0.358,1.8,2.9,0.612,0.558,1.7,2.3,0.765,0.6,3.5,4.1,1.8,0.9,0.5,0.4,1.3,13.1
350.0,Dejounte Murray,SG,27,ATL,56,56.0,35.0,8.3,17.8,0.467,2.2,6.2,0.357,6.1,11.6,0.526,0.529,2.8,3.4,0.818,0.8,4.5,5.3,5.6,1.3,0.3,2.3,1.7,21.6
351.0,Jamal Murray,PG,26,DEN,44,44.0,31.2,7.8,16.2,0.479,2.4,5.8,0.423,5.3,10.4,0.51,0.554,2.6,3.0,0.857,0.6,3.2,3.8,6.3,0.8,0.7,2.1,1.8,20.5
352.0,Keegan Murray,SF,23,SAC,55,55.0,32.9,5.8,12.4,0.467,2.3,6.2,0.366,3.5,6.2,0.567,0.558,1.3,1.6,0.82,1.3,4.0,5.3,1.6,1.1,0.7,0.9,2.7,15.1
353.0,Kris Murray,SF,23,POR,38,5.0,14.9,1.6,4.0,0.391,0.6,2.0,0.28,1.0,2.0,0.5,0.46,0.4,0.6,0.583,0.9,1.5,2.3,0.9,0.9,0.2,0.6,1.0,4.0
354.0,Mike Muscala,C,32,TOT,37,6.0,13.8,1.3,3.6,0.358,0.7,2.3,0.318,0.6,1.3,0.429,0.459,0.5,0.6,0.708,0.9,1.9,2.8,0.9,0.2,0.3,0.5,1.2,3.8
355.0,Svi Mykhailiuk,SF,26,BOS,25,0.0,7.5,0.9,2.6,0.348,0.7,2.1,0.321,0.2,0.5,0.462,0.477,0.1,0.2,0.5,0.2,0.6,0.9,0.5,0.3,0.0,0.3,0.5,2.6
356.0,Larry Nance Jr.,C,31,NOP,43,0.0,18.4,2.1,3.6,0.588,0.5,1.1,0.426,1.6,2.5,0.66,0.654,0.7,0.9,0.718,1.5,3.7,5.1,1.6,0.9,0.4,0.9,1.5,5.3
357.0,Pete Nance,PF,23,CLE,2,0.0,2.0,0.0,1.0,0.0,0.0,0.0,0.0,1.0,0.0,0.0,0.0,0.0,0.0,0.0,0.0,0.0,0.0,0.0,0.0,0.0,0.0,,
358.0,Andrew Nembhard,PG,24,IND,47,26.0,23.6,3.9,7.9,0.489,0.8,2.3,0.345,3.1,5.6,0.55,0.54,0.6,0.8,0.789,0.6,1.3,1.9,4.4,0.9,0.1,1.6,2.0,9.2
359.0,Aaron Nesmith,SF,24,IND,52,27.0,26.9,4.6,8.8,0.52,2.1,4.7,0.455,2.5,4.2,0.593,0.64,1.3,1.8,0.698,0.9,2.9,3.9,1.4,1.0,0.7,1.0,3.3,12.6
360.0,Georges Niang,PF,30,CLE,59,1.0,21.3,3.2,7.4,0.433,1.6,4.6,0.355,1.6,2.8,0.56,0.543,0.6,0.8,0.822,0.3,3.3,3.6,1.2,0.2,0.2,0.8,2.3,8.7
361.0,Daishen Nix,PG,21,MIN,10,0.0,3.5,0.8,1.9,0.421,0.5,1.3,0.385,0.3,0.6,0.5,0.553,0.1,0.4,0.25,0.0,0.1,0.1,0.2,0.2,0.0,0.1,0.1,2.2
362.0,Zeke Nnaji,PF,23,DEN,45,0.0,9.8,1.2,2.8,0.444,0.1,0.4,0.25,1.1,2.3,0.481,0.464,0.8,1.2,0.698,1.2,1.0,2.2,0.6,0.3,0.7,0.6,1.4,3.4
363.0,Jaylen Nowell,SG,24,MEM,9,1.0,17.3,2.4,6.1,0.4,0.4,2.6,0.174,2.0,3.6,0.563,0.436,0.3,0.3,1.0,0.3,1.2,1.6,1.8,0.3,0.0,0.6,1.4,5.7
364.0,Markquis Nowell,SG,24,TOR,1,0.0,4.0,0.0,1.0,0.0,0.0,0.0,0.0,1.0,0.0,0.0,2.0,2.0,1.0,2.0,0.0,2.0,2.0,1.0,0.0,0.0,0.0,2.0,
365.0,Frank Ntilikina,PG,25,CHO,5,0.0,8.6,0.2,1.8,0.111,0.2,1.6,0.125,0.0,0.2,0.0,0.167,0.4,0.4,1.0,0.2,1.0,1.2,0.8,0.0,0.0,0.2,0.8,1.0
366.0,Jusuf Nurkić,C,29,PHO,55,55.0,27.3,4.5,8.8,0.515,0.4,1.5,0.247,4.2,7.3,0.573,0.537,2.4,3.6,0.672,2.7,7.7,10.4,3.7,1.0,1.0,2.2,3.4,11.9
367.0,Jordan Nwora,SF,25,TOT,31,1.0,10.5,1.8,4.3,0.425,0.6,2.0,0.328,1.2,2.4,0.507,0.5,0.9,1.0,0.875,0.4,1.5,1.9,1.1,0.4,0.1,0.6,1.1,5.2
368.0,Royce O'Neale,SF,30,TOT,56,8.0,24.8,2.6,6.8,0.387,2.0,5.5,0.369,0.6,1.3,0.465,0.537,0.3,0.5,0.655,0.8,3.9,4.7,2.9,0.8,0.6,1.0,2.4,7.6
369.0,Chuma Okeke,SF,25,ORL,35,8.0,11.1,1.1,2.9,0.38,0.7,2.1,0.315,0.4,0.8,0.556,0.495,0.1,0.1,0.4,0.5,1.6,2.1,0.5,0.2,0.2,0.3,0.5,2.9
370.0,Josh Okogie,SG,25,PHO,53,11.0,17.2,1.5,3.7,0.413,0.5,1.7,0.3,1.0,2.0,0.509,0.482,1.3,1.8,0.732,1.3,1.4,2.7,1.1,0.9,0.4,0.6,1.2,4.9
371.0,Onyeka Okongwu,C,23,ATL,53,8.0,25.8,4.0,6.6,0.61,0.4,1.2,0.338,3.6,5.4,0.671,0.641,1.7,2.2,0.8,2.7,4.3,7.0,1.3,0.4,1.1,0.8,3.0,10.2
372.0,Isaac Okoro,SF,23,CLE,50,27.0,26.1,3.4,6.7,0.5,1.1,2.8,0.401,2.2,3.9,0.572,0.585,1.4,2.0,0.696,1.1,1.9,3.0,2.0,0.8,0.5,0.8,2.0,9.3
373.0,Kelly Olynyk,C,32,TOT,58,8.0,20.3,3.0,5.5,0.549,0.7,1.7,0.406,2.3,3.7,0.616,0.614,1.7,2.0,0.839,1.3,3.7,5.0,4.2,0.8,0.3,1.6,2.7,8.4
374.0,Eugene Omoruyi,SF,26,WAS,28,0.0,7.8,1.8,3.7,0.495,0.2,0.9,0.231,1.6,2.8,0.584,0.524,0.9,1.2,0.727,0.9,1.2,2.1,0.8,0.7,0.0,0.5,1.4,4.7
375.0,Cedi Osman,SF,28,SAS,60,1.0,17.7,2.6,5.4,0.472,1.2,3.1,0.38,1.4,2.3,0.597,0.581,0.6,0.8,0.68,0.4,2.1,2.5,1.8,0.5,0.2,0.7,1.5,6.9
376.0,Kelly Oubre Jr.,SF,28,PHI,46,33.0,28.9,5.1,11.3,0.453,1.4,4.4,0.309,3.8,6.9,0.546,0.513,2.0,2.8,0.729,1.2,3.2,4.5,1.1,1.2,0.5,1.0,3.0,13.7
377.0,Chris Paul,PG,38,GSW,35,11.0,27.3,3.3,7.7,0.428,1.5,3.8,0.381,1.8,3.9,0.474,0.522,1.1,1.3,0.826,0.3,3.5,3.8,7.1,1.3,0.1,1.2,1.8,9.1
378.0,Cameron Payne,PG,29,TOT,56,3.0,15.6,2.4,5.3,0.445,1.2,3.0,0.388,1.2,2.3,0.519,0.555,0.8,1.0,0.852,0.2,1.1,1.3,2.5,0.4,0.1,0.7,1.5,6.8
379.0,Gary Payton II,SG,31,GSW,25,0.0,15.4,2.4,4.7,0.521,0.5,1.6,0.333,1.9,3.1,0.615,0.577,0.4,0.5,0.692,1.2,1.7,3.0,1.0,1.1,0.4,0.5,1.6,5.8
380.0,Drew Peterson,PF,24,BOS,1,0.0,3.0,1.0,1.0,1.0,1.0,1.0,1.0,0.0,0.0,1.5,0.0,0.0,0.0,0.0,0.0,1.0,0.0,0.0,0.0,1.0,3.0,,
381.0,Filip Petrušev,C,23,TOT,3,0.0,3.3,0.3,0.7,0.5,0.0,0.0,0.3,0.7,0.5,0.5,0.3,0.7,0.5,0.0,0.3,0.3,0.0,0.0,0.0,0.0,0.3,1.0,
382.0,Julian Phillips,SF,20,CHI,34,0.0,7.2,0.7,1.7,0.414,0.2,0.8,0.259,0.5,0.9,0.548,0.474,0.2,0.4,0.571,0.3,0.5,0.8,0.4,0.1,0.2,0.2,1.0,1.9
383.0,Jalen Pickett,SG,24,DEN,20,0.0,5.4,0.6,1.5,0.4,0.4,1.1,0.318,0.3,0.4,0.625,0.517,0.2,0.2,0.75,0.1,0.5,0.6,0.7,0.2,0.0,0.4,0.6,1.7
384.0,Scotty Pippen Jr.,PG,23,MEM,8,4.0,22.6,3.5,7.4,0.475,1.6,2.9,0.565,1.9,4.5,0.417,0.585,1.9,2.6,0.714,1.0,2.4,3.4,4.5,1.0,0.5,1.9,2.6,10.5
385.0,Mason Plumlee,C,33,LAC,27,9.0,16.9,2.3,3.5,0.642,0.0,0.0,2.3,3.5,0.642,0.642,1.8,2.6,0.686,1.4,4.3,5.7,1.2,0.4,0.3,0.7,1.5,6.3,
386.0,Brandin Podziemski,SG,20,GSW,52,19.0,26.8,3.8,8.5,0.451,1.2,3.4,0.366,2.6,5.2,0.507,0.524,0.7,1.2,0.613,1.5,4.2,5.8,3.9,0.8,0.2,1.3,1.8,9.7
387.0,Jakob Poeltl,C,28,TOR,49,49.0,26.6,5.0,7.6,0.656,0.0,0.0,5.0,7.6,0.656,0.656,1.2,2.2,0.551,3.0,5.8,8.7,2.5,0.7,1.5,1.6,3.0,11.2,
388.0,Aleksej Pokusevski,PF,22,OKC,10,0.0,6.0,0.4,1.6,0.25,0.2,1.1,0.182,0.2,0.5,0.4,0.313,0.2,0.4,0.5,0.2,0.8,1.0,0.5,0.1,0.1,0.3,0.5,1.2
389.0,Jordan Poole,SG,24,WAS,58,52.0,29.3,5.8,14.6,0.401,2.1,6.7,0.31,3.8,7.9,0.478,0.472,2.5,2.9,0.86,0.4,2.2,2.5,3.7,1.1,0.3,2.2,3.3,16.3
390.0,Craig Porter Jr.,PG,23,CLE,35,5.0,14.0,2.5,4.9,0.506,0.2,0.6,0.333,2.3,4.3,0.53,0.526,1.0,1.4,0.708,0.4,1.9,2.4,2.6,0.5,0.3,1.0,0.9,6.1
391.0,Jontay Porter,PF,24,TOR,17,5.0,13.0,1.5,4.1,0.371,0.7,2.2,0.324,0.8,1.9,0.424,0.457,0.6,0.7,0.917,1.0,2.2,3.2,1.8,0.7,0.6,0.6,1.6,4.4
392.0,Michael Porter Jr.,SF,25,DEN,59,59.0,31.7,6.3,13.3,0.475,2.7,6.9,0.39,3.6,6.4,0.566,0.576,1.1,1.3,0.821,1.4,5.7,7.1,1.5,0.5,0.7,1.1,1.9,16.4
393.0,Otto Porter Jr.,SF,30,TOR,15,1.0,11.6,0.9,2.2,0.424,0.5,1.5,0.348,0.4,0.7,0.6,0.545,0.2,0.2,1.0,0.4,1.5,1.9,0.5,0.3,0.3,0.1,1.3,2.6
394.0,Bobby Portis,PF,28,MIL,61,1.0,23.9,5.2,10.5,0.495,1.2,3.1,0.38,4.0,7.5,0.542,0.55,1.3,1.7,0.782,1.7,5.3,7.0,1.2,0.8,0.4,1.0,2.3,12.9
395.0,Kristaps Porziņģis,C,28,BOS,44,44.0,29.6,6.8,12.8,0.526,1.9,5.1,0.375,4.8,7.8,0.625,0.6,4.9,5.7,0.859,1.6,5.3,6.9,1.9,0.6,1.8,1.6,2.8,20.3
396.0,Micah Potter,PF,25,UTA,2,0.0,3.5,0.0,0.5,0.0,0.0,0.5,0.0,0.0,0.0,0.0,0.0,0.0,0.0,2.0,2.0,0.0,0.0,0.0,0.0,0.0,0.0,,
397.0,Dwight Powell,C,32,DAL,50,8.0,14.7,1.3,1.9,0.705,0.0,0.0,0.5,1.3,1.9,0.71,0.711,1.2,1.7,0.723,1.6,2.0,3.6,1.5,0.4,0.4,0.6,2.0,3.9
398.0,Norman Powell,SG,30,LAC,57,1.0,25.5,4.8,9.9,0.491,2.2,4.8,0.447,2.7,5.0,0.533,0.601,1.7,2.1,0.831,0.2,2.4,2.6,1.1,0.5,0.3,0.9,1.8,13.6
399.0,Jason Preston,PG,24,UTA,1,0.0,1.0,0.0,0.0,0.0,0.0,0.0,0.0,0.0,0.0,1.0,0.0,1.0,0.0,0.0,0.0,1.0,0.0,0.0,,,,,
400.0,Joshua Primo,SG,21,LAC,2,0.0,5.0,0.5,1.5,0.333,0.0,0.5,0.0,0.5,1.0,0.5,0.333,0.0,0.0,0.5,0.0,0.5,0.0,0.0,0.5,2.0,0.0,1.0,
401.0,Taurean Prince,PF,29,LAL,58,49.0,29.4,3.4,7.7,0.434,1.9,4.9,0.385,1.5,2.8,0.521,0.557,0.7,0.9,0.717,0.2,2.7,2.9,1.7,0.8,0.4,0.9,2.1,9.3
402.0,Payton Pritchard,PG,26,BOS,59,0.0,20.4,2.9,6.6,0.436,1.7,4.5,0.379,1.2,2.1,0.556,0.564,0.5,0.6,0.811,0.9,2.2,3.1,2.7,0.4,0.1,0.6,1.3,8.0
403.0,Olivier-Maxence Prosper,PF,21,DAL,33,0.0,7.9,0.8,2.2,0.351,0.2,1.0,0.235,0.5,1.2,0.45,0.405,0.7,1.0,0.676,0.5,1.3,1.9,0.6,0.2,0.1,0.2,0.5,2.5
404.0,Trevelin Queen,SG,26,ORL,13,0.0,12.5,1.1,2.9,0.368,0.2,1.3,0.176,0.8,1.6,0.524,0.408,0.7,0.9,0.75,0.2,1.2,1.5,1.4,0.5,0.4,0.5,1.2,3.1
405.0,Neemias Queta,C,24,BOS,23,0.0,12.3,2.1,3.5,0.613,0.0,0.0,2.1,3.5,0.613,0.613,0.7,0.9,0.75,1.9,2.5,4.4,0.5,0.4,0.6,0.4,2.0,4.9,
406.0,Immanuel Quickley,SG-PG,24,TOT,55,25.0,28.0,5.5,12.6,0.434,2.5,6.1,0.408,3.0,6.5,0.458,0.533,2.6,3.0,0.849,0.2,3.1,3.4,4.0,0.7,0.1,1.2,1.7,16.0
407.0,Lester Quinones,SG,23,GSW,25,0.0,12.3,1.5,3.9,0.392,0.9,2.3,0.379,0.6,1.6,0.41,0.505,0.7,1.0,0.68,0.8,1.5,2.3,1.2,0.2,0.1,0.6,1.4,4.6
408.0,Julius Randle,PF,29,NYK,46,46.0,35.4,8.6,18.2,0.472,1.7,5.3,0.311,6.9,12.9,0.539,0.518,5.1,6.6,0.781,2.2,7.0,9.2,5.0,0.5,0.3,3.5,2.7,24.0
409.0,Duop Reath,C,27,POR,44,12.0,17.2,3.3,7.1,0.466,1.3,3.6,0.363,2.0,3.4,0.576,0.559,1.0,1.3,0.724,1.5,2.3,3.8,1.1,0.5,0.5,0.8,2.5,8.9
410.0,Austin Reaves,SG,25,LAL,61,36.0,31.4,5.5,11.2,0.49,1.7,4.7,0.36,3.8,6.4,0.585,0.566,2.9,3.4,0.865,0.7,3.4,4.0,5.4,0.9,0.2,2.1,1.9,15.6
411.0,Cam Reddish,SF,24,LAL,37,26.0,22.7,2.3,5.6,0.407,0.9,2.6,0.34,1.4,3.0,0.464,0.486,1.0,1.2,0.783,0.5,1.8,2.4,1.3,1.2,0.3,0.8,1.5,6.5
412.0,Paul Reed,C,24,PHI,59,22.0,18.2,2.9,5.4,0.544,0.2,0.6,0.343,2.7,4.8,0.569,0.563,0.6,0.8,0.739,2.2,3.4,5.6,1.2,0.7,0.8,0.7,2.4,6.6
413.0,Naz Reid,C,24,MIN,60,0.0,23.0,4.7,9.7,0.485,1.9,4.6,0.406,2.8,5.1,0.558,0.582,1.2,1.6,0.766,1.0,3.8,4.7,1.1,0.7,0.8,1.2,2.1,12.4
414.0,Jared Rhoden,SG,24,DET,6,0.0,7.0,1.0,1.8,0.545,0.2,0.7,0.25,0.8,1.2,0.714,0.591,0.3,0.3,1.0,0.2,0.7,0.8,0.7,0.0,0.3,0.5,0.7,2.5
415.0,Nick Richards,C,26,CHO,51,38.0,26.1,3.9,5.7,0.692,0.0,0.0,0.0,3.9,5.6,0.694,0.692,2.2,3.0,0.73,2.7,5.4,8.0,0.8,0.4,1.3,1.1,2.7,10.0
416.0,Josh Richardson,SG,30,MIA,43,6.0,25.7,3.6,8.1,0.444,1.5,4.4,0.347,2.0,3.7,0.561,0.539,1.2,1.3,0.944,0.4,2.4,2.8,2.4,0.6,0.3,0.8,1.8,9.9
417.0,Duncan Robinson,SF,29,MIA,54,22.0,28.0,4.6,10.1,0.455,2.8,6.8,0.409,1.8,3.3,0.551,0.594,1.3,1.5,0.886,0.2,2.2,2.4,3.0,0.7,0.2,1.4,2.4,13.3
418.0,Jerome Robinson,SG,26,GSW,13,0.0,3.0,0.2,0.9,0.167,0.1,0.5,0.143,0.1,0.4,0.2,0.208,0.4,0.6,0.625,0.1,0.2,0.2,0.2,0.0,0.1,0.0,0.2,0.8
419.0,Mitchell Robinson,C,25,NYK,21,21.0,29.2,2.8,4.7,0.592,0.0,0.0,2.8,4.7,0.592,0.592,0.7,1.8,0.368,5.3,5.0,10.3,0.7,1.5,1.3,1.0,1.9,6.2,
420.0,Orlando Robinson,C,23,MIA,25,7.0,10.1,1.3,2.5,0.516,0.3,0.5,0.538,1.0,2.0,0.51,0.573,0.7,1.0,0.75,0.8,2.0,2.8,1.1,0.2,0.3,0.6,1.2,3.6
421.0,Jeremiah Robinson-Earl,PF,23,NOP,26,1.0,9.8,1.3,2.6,0.515,0.5,1.1,0.414,0.9,1.5,0.59,0.603,0.5,0.6,0.8,0.7,1.5,2.2,0.4,0.3,0.2,0.5,0.7,3.6
422.0,David Roddy,PF,22,TOT,51,13.0,22.1,3.1,7.6,0.404,0.9,3.1,0.304,2.1,4.5,0.472,0.465,0.9,1.3,0.687,1.0,3.0,4.0,1.5,0.5,0.2,1.1,1.4,8.0
423.0,Ryan Rollins,PG,21,WAS,10,0.0,6.6,1.3,2.5,0.52,0.2,0.3,0.667,1.1,2.2,0.5,0.56,1.3,1.7,0.765,0.2,0.9,1.1,1.1,0.8,0.3,0.7,0.7,4.1
424.0,Derrick Rose,PG,35,MEM,24,7.0,16.6,3.2,6.9,0.461,0.6,1.7,0.366,2.5,5.2,0.492,0.506,1.0,1.1,0.889,0.3,1.6,1.9,3.3,0.3,0.1,1.3,0.9,8.0
425.0,Terry Rozier,SG-PG,29,TOT,42,41.0,34.0,7.4,16.8,0.441,2.3,6.9,0.333,5.1,9.9,0.516,0.509,3.4,3.9,0.87,0.6,3.4,4.1,6.2,1.0,0.4,1.9,1.7,20.5
426.0,Rayan Rupert,SG,19,POR,17,0.0,7.4,0.9,2.6,0.356,0.5,1.1,0.444,0.5,1.6,0.296,0.444,0.4,0.6,0.7,0.5,0.9,1.4,0.8,0.2,0.0,0.4,0.5,2.8
427.0,D'Angelo Russell,PG,27,LAL,56,49.0,31.7,6.5,13.9,0.466,2.7,6.6,0.417,3.8,7.4,0.51,0.564,2.0,2.5,0.804,0.4,2.5,2.9,6.4,0.8,0.5,2.0,2.1,17.7
428.0,Matt Ryan,SF,26,NOP,18,1.0,19.0,2.5,5.6,0.45,2.1,4.5,0.469,0.4,1.1,0.368,0.64,0.7,0.8,0.929,0.3,1.7,2.1,0.8,0.3,0.1,1.0,1.6,7.8
429.0,Domantas Sabonis,C,27,SAC,59,59.0,35.8,8.1,13.1,0.614,0.5,1.1,0.424,7.6,12.0,0.631,0.632,3.3,4.8,0.689,3.4,9.9,13.2,8.4,0.8,0.6,3.2,3.1,19.9
430.0,Luka Šamanić,PF,24,UTA,28,0.0,5.8,0.9,2.4,0.388,0.3,1.0,0.259,0.7,1.4,0.475,0.44,0.6,0.8,0.818,0.3,1.4,1.7,0.1,0.0,0.1,0.4,0.6,2.8
431.0,Jermaine Samuels,SF,25,HOU,11,0.0,4.8,0.7,1.0,0.727,0.0,0.2,0.0,0.7,0.8,0.889,0.727,0.2,0.2,1.0,0.2,0.8,1.0,0.2,0.1,0.1,0.0,0.4,1.6
432.0,Adama Sanogo,PF,21,CHI,3,0.0,3.7,1.0,1.0,1.0,0.0,0.0,1.0,1.0,1.0,1.0,0.7,1.0,0.667,0.7,1.3,2.0,0.0,0.0,0.0,0.3,0.0,2.7,
433.0,Gui Santos,PF,21,GSW,14,0.0,8.4,1.2,2.4,0.5,0.4,1.1,0.4,0.8,1.4,0.579,0.588,1.0,1.1,0.933,0.9,1.6,2.4,0.5,0.2,0.1,0.3,1.1,3.9
434.0,Dario Šarić,C,29,GSW,57,9.0,18.4,3.1,6.6,0.465,1.3,3.4,0.382,1.8,3.2,0.552,0.563,1.3,1.5,0.864,1.2,3.5,4.8,2.4,0.5,0.2,1.2,1.9,8.7
435.0,Olivier Sarr,C,24,OKC,13,0.0,6.9,0.8,1.4,0.556,0.2,0.5,0.333,0.6,0.9,0.667,0.611,0.7,1.0,0.692,0.8,1.9,2.7,0.2,0.0,0.5,0.2,1.3,2.4
436.0,Marcus Sasser,PG,23,DET,50,0.0,16.3,2.9,6.2,0.468,1.2,2.8,0.424,1.7,3.4,0.503,0.563,0.7,0.8,0.85,0.1,1.4,1.5,3.0,0.5,0.2,1.0,1.4,7.7
437.0,Admiral Schofield,PF,26,ORL,13,0.0,3.8,0.5,1.2,0.375,0.2,0.8,0.3,0.2,0.5,0.5,0.469,0.0,0.2,0.0,0.1,0.5,0.6,0.4,0.0,0.0,0.3,0.5,1.2
438.0,Dennis Schröder,PG,30,TOT,59,37.0,29.9,4.8,11.0,0.44,1.6,4.3,0.371,3.2,6.6,0.485,0.513,2.2,2.6,0.833,0.4,2.4,2.8,5.9,0.8,0.1,1.7,2.1,13.5
439.0,Dereon Seabron,SG,23,NOP,6,0.0,9.2,0.7,2.2,0.308,0.2,0.3,0.5,0.5,1.8,0.273,0.346,0.8,1.0,0.833,0.2,1.0,1.2,0.8,0.3,0.2,0.0,0.7,2.3
440.0,Alperen Şengün,C,21,HOU,58,58.0,32.3,8.2,15.2,0.539,0.5,1.8,0.292,7.7,13.4,0.573,0.557,3.9,5.6,0.706,2.8,6.3,9.1,4.9,1.1,0.7,2.6,3.3,20.8
441.0,Brice Sensabaugh,SF,20,UTA,10,0.0,7.6,1.0,2.6,0.385,0.5,1.4,0.357,0.5,1.2,0.417,0.481,0.3,0.3,1.0,0.1,0.8,0.9,0.4,0.1,0.0,0.7,1.0,2.8
442.0,Collin Sexton,SG,25,UTA,60,37.0,24.8,6.0,12.4,0.484,1.6,4.1,0.399,4.4,8.4,0.525,0.549,4.3,5.0,0.859,0.8,1.7,2.5,4.6,0.8,0.2,2.0,2.0,17.9
443.0,Landry Shamet,SG,26,WAS,43,5.0,16.0,2.7,6.3,0.43,1.2,3.6,0.342,1.5,2.7,0.548,0.528,0.9,1.1,0.826,0.4,1.0,1.4,1.2,0.6,0.2,0.7,1.7,7.5
444.0,Day'Ron Sharpe,C,22,BRK,44,1.0,15.7,3.0,5.1,0.587,0.1,0.3,0.364,2.9,4.8,0.599,0.596,1.4,2.2,0.622,2.7,4.1,6.8,1.5,0.5,0.8,1.1,2.3,7.4
445.0,Shaedon Sharpe,SG,20,POR,32,25.0,33.1,5.5,13.6,0.406,1.9,5.6,0.333,3.6,7.9,0.457,0.475,3.1,3.7,0.824,1.3,3.7,5.0,2.9,0.9,0.4,2.3,2.8,15.9
446.0,Ben Sheppard,SG,22,IND,37,0.0,11.6,1.4,3.3,0.41,0.8,2.2,0.337,0.6,1.1,0.564,0.525,0.4,0.5,0.824,0.2,1.1,1.3,0.8,0.5,0.1,0.2,1.4,3.8
447.0,Pascal Siakam,PF,29,TOT,59,59.0,34.0,8.4,15.8,0.534,1.2,3.5,0.341,7.2,12.3,0.589,0.572,3.7,5.0,0.735,1.5,5.0,6.5,4.7,0.8,0.3,1.9,2.4,21.7
448.0,Ben Simmons,PG,27,BRK,15,12.0,23.9,2.9,4.9,0.581,0.0,0.0,2.9,4.9,0.581,0.581,0.4,1.0,0.4,2.1,5.9,7.9,5.7,0.8,0.6,1.8,2.4,6.1,
449.0,Anfernee Simons,SG,24,POR,35,35.0,33.6,7.7,18.2,0.424,3.3,8.6,0.377,4.5,9.6,0.466,0.513,3.5,3.8,0.917,0.5,3.0,3.5,5.3,0.5,0.1,2.6,2.2,22.1
450.0,Jericho Sims,C,25,NYK,33,10.0,12.5,1.0,1.4,0.733,0.0,0.0,1.0,1.4,0.733,0.733,0.4,0.6,0.65,1.2,1.9,3.1,0.6,0.1,0.4,0.3,0.9,2.4,
451.0,Dmytro Skapintsev,C,25,NYK,2,0.0,1.0,0.0,0.5,0.0,0.0,0.0,0.0,0.5,0.0,0.0,0.0,0.0,0.0,0.0,0.0,0.0,0.0,0.0,0.0,0.0,0.0,,
452.0,Jalen Slawson,SF,24,SAC,5,0.0,3.8,0.4,0.6,0.667,0.0,0.2,0.0,0.4,0.4,1.0,0.667,0.0,0.0,0.0,0.8,0.8,0.4,0.0,0.2,0.4,0.6,0.8,
453.0,Javonte Smart,PG,24,PHI,1,0.0,1.0,0.0,0.0,0.0,0.0,0.0,0.0,0.0,0.0,0.0,0.0,0.0,0.0,0.0,0.0,0.0,0.0,0.0,,,,,
454.0,Marcus Smart,PG,29,MEM,20,20.0,30.3,5.1,11.9,0.43,2.1,6.7,0.313,3.0,5.2,0.583,0.519,2.2,2.8,0.768,0.3,2.4,2.7,4.3,2.1,0.3,3.1,2.7,14.5
455.0,Dennis Smith Jr.,PG,26,BRK,43,1.0,19.7,2.8,6.4,0.433,0.5,1.9,0.275,2.3,4.6,0.497,0.473,0.8,1.1,0.745,1.0,2.2,3.2,3.9,1.1,0.2,1.3,2.2,6.9
456.0,Dru Smith,SG,26,MIA,9,0.0,14.6,1.7,3.7,0.455,0.8,1.9,0.412,0.9,1.8,0.5,0.561,0.2,0.2,1.0,0.7,0.9,1.6,1.6,1.0,0.3,0.6,1.3,4.3
457.0,Ish Smith,PG,35,CHO,43,5.0,17.2,1.5,3.7,0.418,0.1,0.2,0.5,1.4,3.5,0.413,0.43,0.1,0.1,0.75,0.3,1.5,1.8,3.4,0.4,0.1,1.1,1.1,3.2
458.0,Jabari Smith Jr.,PF,20,HOU,54,54.0,32.1,4.9,10.9,0.451,1.7,4.7,0.355,3.2,6.1,0.524,0.528,1.9,2.4,0.819,2.1,6.8,8.8,1.5,0.7,0.7,1.2,2.7,13.4
459.0,Jalen Smith,C,23,IND,42,13.0,17.8,4.1,6.7,0.616,1.1,2.4,0.451,3.0,4.3,0.709,0.698,1.1,1.5,0.708,1.6,3.9,5.5,1.0,0.3,0.6,0.8,2.2,10.4
460.0,Nick Smith Jr.,SG,19,CHO,37,0.0,15.5,2.4,5.9,0.406,1.4,3.1,0.451,1.0,2.8,0.356,0.523,0.3,0.4,0.846,0.4,1.0,1.5,1.2,0.2,0.2,0.9,1.2,6.4
461.0,Terquavion Smith,PG,21,PHI,12,0.0,5.8,1.3,3.3,0.4,1.0,2.6,0.387,0.3,0.8,0.444,0.55,0.2,0.3,0.667,0.0,0.2,0.2,0.8,0.6,0.0,0.3,0.3,3.8
462.0,Jeremy Sochan,PF,20,SAS,60,59.0,29.4,4.5,10.2,0.44,1.0,2.8,0.335,3.5,7.3,0.481,0.487,1.4,1.9,0.768,1.8,4.3,6.1,3.4,0.8,0.4,1.9,2.3,11.3
463.0,Pat Spencer,PG,27,GSW,1,0.0,2.0,0.0,0.0,0.0,0.0,0.0,0.0,0.0,0.0,0.0,0.0,0.0,0.0,0.0,0.0,0.0,0.0,0.0,,,,,
464.0,Jaden Springer,SG-PG,21,TOT,36,1.0,10.7,1.3,3.4,0.385,0.2,1.1,0.211,1.1,2.3,0.464,0.418,0.8,0.9,0.824,0.8,0.9,1.7,1.0,0.7,0.3,0.7,1.4,3.6
465.0,Lamar Stevens,PF,26,TOT,26,1.0,10.3,2.2,4.2,0.523,0.3,0.5,0.5,1.9,3.7,0.526,0.555,0.7,0.9,0.708,0.8,1.8,2.6,0.6,0.3,0.5,0.7,1.1,5.3
466.0,Isaiah Stewart,PF,22,DET,37,36.0,30.7,4.1,8.7,0.471,1.5,3.9,0.382,2.6,4.8,0.542,0.556,1.5,2.0,0.74,1.8,5.2,6.9,1.7,0.4,0.8,1.5,2.4,11.2
467.0,Julian Strawther,SF,21,DEN,39,0.0,12.7,1.9,5.1,0.375,1.0,3.2,0.304,0.9,1.9,0.493,0.47,0.5,0.6,0.72,0.1,1.2,1.3,1.1,0.4,0.2,0.4,1.2,5.3
468.0,Max Strus,SF,27,CLE,59,59.0,32.2,4.4,10.7,0.415,2.4,7.1,0.341,2.0,3.6,0.561,0.528,1.1,1.3,0.785,0.9,3.9,4.8,3.8,0.9,0.5,1.5,2.6,12.3
469.0,Jalen Suggs,SG,22,ORL,55,55.0,26.6,4.4,9.6,0.457,2.1,5.2,0.392,2.3,4.4,0.533,0.563,1.4,1.9,0.76,0.7,2.5,3.2,2.5,1.4,0.6,1.9,2.8,12.3
470.0,Cole Swider,SF,24,MIA,11,0.0,5.0,0.8,2.3,0.36,0.5,1.7,0.263,0.4,0.5,0.667,0.46,0.2,0.2,1.0,0.1,0.3,0.4,0.4,0.1,0.1,0.5,0.2,2.3
471.0,Jae'Sean Tate,SF,28,HOU,53,9.0,17.1,1.8,3.7,0.47,0.4,1.3,0.304,1.4,2.4,0.558,0.523,0.4,0.6,0.688,1.0,2.3,3.3,1.1,0.7,0.2,0.5,2.3,4.3
472.0,Jayson Tatum,PF,25,BOS,56,56.0,35.9,9.2,19.3,0.476,3.1,8.4,0.364,6.1,10.9,0.561,0.555,5.6,6.8,0.826,0.8,7.7,8.5,4.8,1.0,0.6,2.5,2.0,27.1
473.0,Terry Taylor,PF,24,CHI,23,0.0,7.0,0.7,1.5,0.5,0.1,0.4,0.222,0.7,1.1,0.6,0.529,0.1,0.1,0.667,0.7,0.8,1.4,0.3,0.2,0.1,0.3,0.7,1.7
474.0,Garrett Temple,SG,37,TOR,16,0.0,4.3,0.5,1.3,0.381,0.1,0.6,0.222,0.4,0.8,0.5,0.429,0.3,0.4,0.833,0.3,0.4,0.7,0.4,0.2,0.0,0.3,0.4,1.4
475.0,Dalen Terry,SG,21,CHI,40,1.0,10.1,0.8,2.1,0.393,0.3,1.2,0.239,0.6,1.0,0.579,0.458,0.5,0.7,0.692,0.4,1.3,1.7,1.3,0.4,0.2,0.5,1.3,2.4
476.0,Daniel Theis,C,31,TOT,43,3.0,17.1,2.6,4.9,0.541,0.4,1.0,0.4,2.2,3.8,0.579,0.584,0.7,1.0,0.721,1.4,2.3,3.8,1.0,0.4,0.9,0.7,2.3,6.4
477.0,Cam Thomas,SG,22,BRK,48,33.0,29.8,7.5,17.3,0.437,2.0,5.6,0.36,5.5,11.7,0.474,0.495,3.8,4.5,0.839,0.4,2.5,2.9,2.7,0.8,0.3,1.8,2.1,20.9
478.0,Amen Thompson,SF,21,HOU,40,6.0,19.5,3.1,6.3,0.5,0.2,1.2,0.149,3.0,5.1,0.581,0.514,1.3,2.1,0.631,1.8,3.8,5.7,2.3,1.2,0.6,1.5,2.3,7.8
479.0,Ausar Thompson,SF,21,DET,59,34.0,24.8,3.7,7.5,0.495,0.3,1.6,0.188,3.4,5.9,0.58,0.516,1.1,1.8,0.589,2.1,4.3,6.4,1.9,1.1,0.9,1.3,2.8,8.8
480.0,Klay Thompson,SF,33,GSW,56,50.0,30.2,6.1,14.5,0.42,3.3,8.8,0.378,2.8,5.7,0.484,0.535,1.7,1.8,0.922,0.5,3.1,3.5,2.2,0.6,0.5,1.5,1.8,17.1
481.0,Tristan Thompson,C,32,CLE,36,0.0,12.4,1.7,2.6,0.649,0.0,0.0,0.0,1.7,2.6,0.656,0.649,0.4,1.2,0.31,1.6,2.3,3.9,1.1,0.2,0.3,0.6,1.4,3.8
482.0,JT Thor,PF,21,CHO,46,1.0,12.8,1.1,3.0,0.364,0.4,1.3,0.317,0.7,1.7,0.4,0.432,0.2,0.3,0.538,0.8,1.6,2.4,0.4,0.2,0.4,0.3,1.0,2.8
483.0,Matisse Thybulle,SF,26,POR,56,19.0,23.3,1.9,4.9,0.387,1.2,3.6,0.338,0.7,1.3,0.529,0.513,0.3,0.4,0.792,0.4,1.5,1.9,1.3,1.8,0.8,0.6,1.4,5.4
484.0,Xavier Tillman Sr.,C-PF,25,TOT,36,13.0,19.9,2.5,6.0,0.419,0.3,1.5,0.226,2.2,4.6,0.482,0.447,0.5,1.2,0.419,1.6,2.8,4.4,1.6,1.2,1.0,0.8,1.7,5.9
485.0,Jacob Toppin,SF,23,NYK,8,0.0,4.6,0.6,1.1,0.556,0.1,0.5,0.25,0.5,0.6,0.8,0.611,0.3,0.3,1.0,0.4,0.5,0.9,0.4,0.0,0.1,0.1,0.4,1.6
486.0,Obi Toppin,PF,25,IND,61,28.0,22.2,4.1,7.3,0.562,1.3,3.2,0.4,2.8,4.1,0.687,0.649,1.0,1.3,0.747,1.1,2.8,3.9,1.6,0.5,0.5,0.9,1.8,10.5
487.0,Juan Toscano-Anderson,SF,30,SAC,11,0.0,4.8,0.3,1.1,0.25,0.1,0.4,0.25,0.2,0.7,0.25,0.292,0.0,0.0,0.4,0.9,1.3,0.4,0.1,0.1,0.2,1.0,0.6,
488.0,Karl-Anthony Towns,PF,28,MIN,58,58.0,33.0,7.9,15.6,0.51,2.3,5.3,0.43,5.7,10.3,0.551,0.583,4.2,4.8,0.878,1.5,7.0,8.5,2.9,0.7,0.7,2.8,3.3,22.3
489.0,Gary Trent Jr.,SG,25,TOR,55,25.0,26.8,4.3,10.4,0.416,2.4,5.8,0.406,1.9,4.5,0.428,0.53,0.7,1.0,0.704,0.3,2.1,2.3,1.5,0.9,0.1,0.7,1.3,11.7
490.0,Oscar Tshiebwe,PF,24,IND,8,0.0,5.3,1.3,2.5,0.5,0.0,0.0,1.3,2.5,0.5,0.5,0.8,1.0,0.75,1.0,1.0,2.0,0.3,0.3,0.1,0.0,0.4,3.3,
491.0,P.J. Tucker,PF,38,TOT,18,3.0,14.9,0.3,1.1,0.3,0.3,0.9,0.313,0.1,0.2,0.25,0.425,0.2,0.2,1.0,0.9,1.7,2.7,0.4,0.5,0.2,0.3,2.1,1.1
492.0,Myles Turner,C,27,IND,57,57.0,27.3,6.2,11.8,0.527,1.3,4.0,0.33,4.9,7.8,0.628,0.583,3.5,4.4,0.788,1.6,5.5,7.1,1.3,0.6,1.8,1.5,3.2,17.2
493.0,Hunter Tyson,PF,23,DEN,10,0.0,3.0,0.2,1.0,0.2,0.1,0.8,0.125,0.1,0.2,0.5,0.25,0.0,0.0,0.1,0.7,0.8,0.1,0.0,0.0,0.2,0.6,0.5,
494.0,Stanley Umude,SG,24,DET,17,0.0,11.2,1.5,3.1,0.481,1.0,1.8,0.548,0.5,1.2,0.381,0.644,1.3,1.4,0.917,0.2,1.6,1.8,0.5,0.2,0.3,0.6,1.6,5.2
495.0,Jonas Valančiūnas,C,31,NOP,61,61.0,25.2,5.4,9.5,0.569,0.5,1.5,0.351,4.9,7.9,0.612,0.598,2.2,2.7,0.795,2.6,6.9,9.5,2.2,0.4,1.0,1.4,2.8,13.5
496.0,Jarred Vanderbilt,PF,24,LAL,29,6.0,20.0,2.0,3.9,0.518,0.3,0.9,0.296,1.8,3.0,0.586,0.553,0.8,1.2,0.667,1.4,3.3,4.8,1.2,1.2,0.2,1.0,1.5,5.2
497.0,Fred VanVleet,PG,29,HOU,52,52.0,36.7,5.4,13.4,0.405,2.9,7.8,0.369,2.6,5.6,0.454,0.512,2.6,3.0,0.86,0.4,3.3,3.7,7.9,1.1,0.9,1.7,2.3,16.4
498.0,Devin Vassell,SG,23,SAS,55,49.0,32.0,7.2,15.2,0.471,2.5,6.7,0.376,4.7,8.5,0.546,0.554,2.5,3.1,0.794,0.4,3.3,3.7,3.9,1.0,0.4,1.5,1.0,19.3
499.0,Sasha Vezenkov,PF,28,SAC,35,0.0,12.6,2.1,4.7,0.448,1.1,2.9,0.38,1.0,1.9,0.554,0.564,0.3,0.4,0.769,0.9,1.6,2.5,0.4,0.5,0.2,0.3,1.0,5.6
500.0,Gabe Vincent,PG,27,LAL,5,0.0,25.4,2.4,6.4,0.375,0.4,3.4,0.118,2.0,3.0,0.667,0.406,0.2,0.4,0.5,0.4,0.6,1.0,3.0,1.2,0.0,0.4,2.4,5.4
501.0,Nikola Vučević,C,33,CHI,55,53.0,34.6,7.7,16.2,0.474,1.1,4.2,0.273,6.5,12.0,0.544,0.509,1.4,1.7,0.835,2.8,7.9,10.7,3.4,0.7,0.8,1.6,2.7,17.9
502.0,Dean Wade,PF,27,CLE,50,30.0,20.1,1.7,4.1,0.411,1.4,3.6,0.398,0.3,0.5,0.5,0.585,0.3,0.4,0.81,0.7,3.3,4.0,0.8,0.8,0.4,0.4,1.8,5.2
503.0,Franz Wagner,SF,22,ORL,52,52.0,33.1,7.7,15.9,0.481,1.5,5.0,0.308,6.1,10.9,0.561,0.53,3.8,4.4,0.855,1.1,4.5,5.6,4.1,1.1,0.4,2.1,2.3,20.6
504.0,Moritz Wagner,C,26,ORL,58,1.0,18.5,4.3,7.2,0.592,0.5,1.4,0.325,3.8,5.8,0.658,0.624,2.3,2.9,0.804,1.6,3.0,4.6,1.2,0.5,0.3,1.2,2.1,11.3
505.0,Ish Wainright,SF,29,POR,7,0.0,6.6,0.9,2.6,0.333,0.9,2.3,0.375,0.0,0.3,0.0,0.5,0.3,0.3,1.0,0.0,1.3,1.3,0.0,0.3,0.1,0.1,0.6,2.9
506.0,Jabari Walker,SF,21,POR,54,14.0,21.9,3.1,6.5,0.471,0.5,1.9,0.275,2.5,4.6,0.552,0.511,1.7,2.3,0.762,2.0,4.3,6.3,0.8,0.6,0.4,0.9,2.2,8.4
507.0,Jarace Walker,PF,20,IND,20,0.0,10.4,1.5,3.8,0.395,0.7,1.9,0.378,0.8,2.0,0.41,0.487,0.3,0.4,0.857,0.4,1.5,1.9,1.4,0.6,0.5,0.6,1.0,4.0
508.0,Lonnie Walker IV,SG,25,BRK,39,0.0,18.1,4.0,8.9,0.451,2.1,4.9,0.427,1.9,4.0,0.481,0.569,1.0,1.3,0.776,0.2,1.9,2.2,1.5,0.7,0.3,1.0,1.3,11.1
509.0,Cason Wallace,SG,20,OKC,59,9.0,20.5,2.6,5.1,0.505,1.2,2.8,0.413,1.4,2.3,0.618,0.619,0.4,0.5,0.793,0.6,1.6,2.3,1.4,0.8,0.4,0.4,1.6,6.7
510.0,Jordan Walsh,SF,19,BOS,4,0.0,8.3,0.3,1.3,0.2,0.0,0.8,0.0,0.3,0.5,0.5,0.2,0.0,0.0,0.5,2.3,2.8,0.5,0.5,0.3,0.5,1.3,0.5,
511.0,P.J. Washington,PF,25,TOT,52,24.0,29.6,5.1,11.4,0.446,1.8,5.5,0.321,3.3,5.9,0.564,0.524,1.4,2.0,0.689,1.2,4.1,5.3,2.1,0.9,0.8,1.5,2.5,13.3
512.0,TyTy Washington Jr.,Jr.,PG,22,MIL,5.0,0.0,4.2,0.2,1.4,0.143,0.2,0.6,0.333,0.0,0.8,0.0,0.214,0.0,0.0,0.0,0.2,0.2,0.2,0.4,0.0,0.4,0.0,0.6
513.0,Yuta Watanabe,SF,29,TOT,34,0.0,13.6,1.2,3.4,0.353,0.7,2.5,0.294,0.5,0.9,0.516,0.461,0.3,0.5,0.588,0.3,1.3,1.6,0.4,0.4,0.2,0.6,1.1,3.4
514.0,Lindy Waters III,III,SG,26,OKC,25.0,0.0,6.8,0.9,2.1,0.442,0.8,1.9,0.438,0.1,0.2,0.5,0.644,0.0,0.0,0.0,0.9,0.9,0.5,0.0,0.2,0.2,0.7,2.7
515.0,Trendon Watford,PF,23,BRK,42,0.0,11.8,2.3,4.3,0.539,0.3,0.9,0.368,2.0,3.4,0.585,0.578,1.0,1.1,0.894,0.8,1.8,2.6,1.3,0.4,0.2,0.7,1.6,6.0
516.0,Peyton Watson,SF,21,DEN,58,4.0,18.2,2.6,5.5,0.469,0.7,2.0,0.339,1.9,3.4,0.545,0.531,0.9,1.4,0.684,0.7,2.2,2.9,1.0,0.6,0.9,0.8,1.7,6.8
517.0,Victor Wembanyama,C,20,SAS,54,54.0,28.7,7.6,16.2,0.467,1.6,5.0,0.327,5.9,11.1,0.53,0.518,4.0,4.9,0.814,2.2,8.0,10.2,3.4,1.3,3.3,3.4,2.2,20.7
518.0,Blake Wesley,SG,20,SAS,39,1.0,12.9,1.5,3.1,0.492,0.1,0.7,0.138,1.4,2.4,0.602,0.508,0.7,1.1,0.614,0.3,0.9,1.2,2.5,0.5,0.1,0.8,1.4,3.9
519.0,Russell Westbrook,PG,35,LAC,58,10.0,22.6,4.4,9.8,0.452,0.6,2.4,0.268,3.8,7.4,0.51,0.484,1.6,2.3,0.677,1.4,3.7,5.1,4.4,1.1,0.4,2.0,1.8,11.1
520.0,Coby White,PG,23,CHI,60,60.0,36.6,6.8,15.2,0.449,2.8,7.3,0.383,4.1,8.0,0.508,0.54,2.9,3.4,0.835,0.6,4.2,4.8,5.3,0.7,0.2,2.2,2.3,19.3
521.0,Derrick White,SG,29,BOS,55,55.0,32.2,5.4,11.5,0.468,2.7,6.7,0.402,2.7,4.9,0.558,0.583,2.1,2.3,0.897,0.6,3.3,4.0,4.8,1.1,1.2,1.6,2.1,15.5
522.0,Cam Whitmore,SF,19,HOU,33,1.0,17.6,4.4,9.4,0.469,1.6,4.4,0.37,2.8,4.9,0.558,0.557,1.6,2.4,0.679,0.7,3.0,3.7,0.5,0.6,0.3,0.9,1.3,12.0
523.0,Aaron Wiggins,SG,25,OKC,56,0.0,14.3,2.4,4.2,0.575,0.8,1.5,0.512,1.6,2.6,0.612,0.67,0.6,0.8,0.786,0.7,1.6,2.3,0.9,0.5,0.1,0.6,1.2,6.2
524.0,Andrew Wiggins,SF,28,GSW,51,40.0,27.2,4.9,10.7,0.455,1.2,3.3,0.351,3.7,7.4,0.501,0.509,1.8,2.5,0.727,1.5,2.7,4.3,1.7,0.6,0.5,1.2,2.2,12.7
525.0,Lindell Wigginton,PG,25,MIL,3,0.0,2.7,0.7,1.7,0.4,0.0,0.7,0.0,0.7,1.0,0.667,0.4,0.7,0.7,1.0,0.0,0.0,0.0,0.0,0.0,0.0,0.3,0.3,2.0
526.0,Alondes Williams,SG,24,MIA,2,0.0,4.5,0.0,1.5,0.0,0.0,1.0,0.0,0.0,0.5,0.0,0.0,0.0,0.0,0.0,0.5,0.5,0.0,0.0,0.0,0.5,0.0,0.0,
527.0,Brandon Williams,PG,24,DAL,12,0.0,4.9,0.7,1.8,0.364,0.2,0.5,0.333,0.5,1.3,0.375,0.409,0.5,0.9,0.545,0.3,0.3,0.6,1.0,0.1,0.1,0.3,0.2,2.0
528.0,Grant Williams,PF,25,TOT,56,33.0,26.7,3.1,7.2,0.433,1.7,4.6,0.379,1.4,2.6,0.527,0.553,1.1,1.4,0.753,1.0,2.8,3.8,1.8,0.5,0.6,1.2,2.9,9.0
529.0,Jalen Williams,PF,22,OKC,53,53.0,32.0,7.6,13.9,0.544,1.5,3.4,0.447,6.1,10.6,0.575,0.598,2.6,3.2,0.807,0.5,3.5,4.1,4.6,1.0,0.5,1.7,2.6,19.3
530.0,Jaylin Williams,C,21,OKC,50,0.0,12.6,1.3,3.3,0.394,0.8,2.1,0.362,0.5,1.2,0.45,0.509,0.5,0.6,0.821,0.5,2.7,3.2,1.3,0.4,0.4,0.4,1.4,3.8
531.0,Jeenathan Williams,SG,24,HOU,11,0.0,6.9,1.3,2.7,0.467,0.1,0.3,0.333,1.2,2.5,0.481,0.483,0.4,0.6,0.571,0.7,0.2,0.9,0.5,0.2,0.0,0.2,0.8,3.0
532.0,Kenrich Williams,PF,29,OKC,48,1.0,14.6,1.7,3.8,0.459,0.8,2.0,0.398,0.9,1.7,0.53,0.566,0.1,0.2,0.3,0.7,2.1,2.8,1.2,0.5,0.1,0.4,1.4,4.3
533.0,Mark Williams,C,22,CHO,19,19.0,26.7,5.2,7.9,0.649,0.0,0.0,5.2,7.9,0.649,0.649,2.4,3.4,0.719,4.0,5.7,9.7,1.2,0.8,1.1,0.9,2.6,12.7,
534.0,Patrick Williams,PF,22,CHI,43,30.0,27.3,3.7,8.3,0.443,1.4,3.4,0.399,2.3,4.9,0.474,0.525,1.2,1.5,0.788,1.1,2.8,3.9,1.5,0.9,0.8,1.3,2.0,10.0
535.0,Robert Williams,C,26,POR,6,0.0,19.8,2.8,4.3,0.654,0.0,0.0,2.8,4.3,0.654,0.654,1.2,1.5,0.778,1.8,4.5,6.3,0.8,1.2,1.2,1.2,2.8,6.8,
536.0,Vince Williams Jr.,SG,23,MEM,48,29.0,26.9,3.1,7.0,0.439,1.4,4.0,0.363,1.6,3.1,0.537,0.542,1.9,2.4,0.795,1.2,4.4,5.5,3.2,0.9,0.6,1.6,2.5,9.5
537.0,Ziaire Williams,SF,22,MEM,50,14.0,20.1,3.0,7.4,0.399,1.1,3.7,0.31,1.8,3.7,0.487,0.476,1.2,1.4,0.817,0.7,2.8,3.5,1.5,0.7,0.2,1.3,1.7,8.2
538.0,Zion Williamson,PF,23,NOP,50,50.0,30.6,8.7,15.2,0.575,0.1,0.3,0.385,8.6,14.9,0.578,0.578,4.6,6.7,0.685,1.7,3.7,5.5,5.1,0.9,0.5,2.6,2.3,22.1
539.0,Jalen Wilson,PF,23,BRK,21,1.0,14.0,1.7,3.7,0.468,0.6,1.4,0.433,1.1,2.2,0.489,0.552,0.9,1.0,0.905,1.0,1.4,2.4,1.1,0.3,0.0,0.2,1.0,5.0
540.0,Dylan Windler,SF,27,TOT,11,0.0,3.2,0.5,1.0,0.455,0.5,0.9,0.5,0.0,0.1,0.0,0.682,0.0,0.0,0.0,0.4,0.4,0.6,0.0,0.0,0.0,0.3,1.4,
541.0,James Wiseman,C,22,DET,40,0.0,14.3,2.5,3.8,0.654,0.0,0.1,0.0,2.5,3.8,0.662,0.654,0.8,1.3,0.62,1.5,2.6,4.2,0.7,0.2,0.6,0.8,2.1,5.8
542.0,Christian Wood,PF,28,LAL,50,1.0,17.4,2.5,5.3,0.466,0.7,2.3,0.307,1.8,3.0,0.587,0.532,1.3,1.9,0.702,0.8,4.3,5.1,1.0,0.3,0.7,1.0,1.4,6.9
543.0,Delon Wright,PG,31,TOT,36,1.0,14.2,1.4,3.6,0.397,0.4,1.2,0.381,1.0,2.5,0.404,0.458,0.8,1.0,0.829,0.4,1.4,1.8,2.5,1.1,0.3,0.3,0.6,4.1
544.0,Thaddeus Young,PF,35,TOT,24,6.0,15.4,2.3,3.8,0.611,0.0,0.3,0.167,2.3,3.5,0.643,0.617,0.2,0.5,0.417,1.5,2.0,3.5,2.1,0.8,0.1,0.5,1.8,4.8
545.0,Trae Young,PG,25,ATL,51,51.0,36.5,8.2,19.3,0.426,3.3,8.9,0.371,4.9,10.3,0.473,0.512,6.6,7.8,0.856,0.4,2.3,2.7,10.8,1.4,0.2,4.3,2.1,26.4
546.0,Omer Yurtseven,C,25,UTA,31,6.0,8.8,1.3,2.7,0.488,0.1,0.5,0.25,1.2,2.2,0.544,0.512,0.2,0.4,0.538,1.2,2.4,3.5,0.4,0.1,0.4,0.8,1.2,3.0
547.0,Cody Zeller,C,31,NOP,38,0.0,7.8,0.6,1.5,0.411,0.0,0.1,0.333,0.6,1.4,0.415,0.42,0.6,0.9,0.6,1.1,1.6,2.7,0.9,0.2,0.1,0.4,1.1,1.8
548.0,Ivica Zubac,C,26,LAC,46,46.0,26.7,5.1,7.8,0.655,0.0,0.0,5.1,7.8,0.655,0.655,1.7,2.6,0.667,3.0,6.4,9.5,1.3,0.2,1.3,1.2,2.8,12.0,
